Inventory_ID,ID (SKU),Size,Color,Qty_on_hand,Qty_reserved,Qty_available,Qty_incoming,Reorder_point,Reorder_qty,Stock_status,Warehouse_location,Cost_price(INR),Supplier_ID,Last_restocked_at,Updated_at
APL-TOP-M-001-XS-WHI,APL-TOP-M-001,XS,White,6,0,6,24,6,24,low_stock,DEL-FC1-D02-R1,192,SUP-001,2026-05-01,2026-05-28
APL-TOP-M-001-S-WHI,APL-TOP-M-001,S,White,37,3,34,0,12,48,in_stock,DEL-FC1-D08-R4,192,SUP-001,2026-07-04,2026-07-08
APL-TOP-M-001-M-WHI,APL-TOP-M-001,M,White,0,0,0,0,19,78,out_of_stock,DEL-FC1-F14-R3,192,SUP-001,2026-05-25,2026-06-03
APL-TOP-M-001-L-WHI,APL-TOP-M-001,L,White,13,0,13,0,18,72,low_stock,DEL-FC1-E09-R1,192,SUP-001,2026-06-17,2026-06-24
APL-TOP-M-001-XL-WHI,APL-TOP-M-001,XL,White,66,8,58,0,12,48,in_stock,DEL-FC1-C19-R2,192,SUP-001,2026-04-28,2026-05-03
APL-TOP-M-001-XXL-WHI,APL-TOP-M-001,XXL,White,33,4,29,0,7,30,in_stock,DEL-FC1-D09-R4,192,SUP-001,2026-07-10,2026-07-15
APL-TOP-M-001-XS-BLA,APL-TOP-M-001,XS,Black,17,1,16,0,6,24,in_stock,DEL-FC1-A20-R2,192,SUP-001,2026-06-27,2026-07-04
APL-TOP-M-001-S-BLA,APL-TOP-M-001,S,Black,35,3,32,0,12,48,in_stock,DEL-FC1-F11-R1,192,SUP-001,2026-05-19,2026-07-10
APL-TOP-M-001-M-BLA,APL-TOP-M-001,M,Black,48,1,47,0,19,78,in_stock,DEL-FC1-F11-R2,192,SUP-001,2026-07-12,2026-07-15
APL-TOP-M-001-L-BLA,APL-TOP-M-001,L,Black,65,2,63,0,18,72,in_stock,DEL-FC1-E18-R3,192,SUP-001,2026-07-03,2026-07-16
APL-TOP-M-001-XL-BLA,APL-TOP-M-001,XL,Black,63,9,54,0,12,48,in_stock,DEL-FC1-A02-R1,192,SUP-001,2026-05-09,2026-05-29
APL-TOP-M-001-XXL-BLA,APL-TOP-M-001,XXL,Black,4,0,4,30,7,30,low_stock,DEL-FC1-C18-R1,192,SUP-001,2026-05-04,2026-07-11
APL-TOP-M-001-XS-NAV,APL-TOP-M-001,XS,Navy,28,1,27,0,6,24,in_stock,DEL-FC1-A09-R5,192,SUP-001,2026-05-12,2026-07-15
APL-TOP-M-001-S-NAV,APL-TOP-M-001,S,Navy,63,6,57,0,12,48,in_stock,DEL-FC1-B12-R2,192,SUP-001,2026-06-28,2026-07-14
APL-TOP-M-001-M-NAV,APL-TOP-M-001,M,Navy,104,1,103,0,19,78,in_stock,DEL-FC1-C08-R1,192,SUP-001,2026-05-20,2026-07-15
APL-TOP-M-001-L-NAV,APL-TOP-M-001,L,Navy,75,9,66,0,18,72,in_stock,DEL-FC1-E05-R2,192,SUP-001,2026-07-13,2026-07-16
APL-TOP-M-001-XL-NAV,APL-TOP-M-001,XL,Navy,65,5,60,0,12,48,in_stock,DEL-FC1-E07-R3,192,SUP-001,2026-06-10,2026-07-03
APL-TOP-M-001-XXL-NAV,APL-TOP-M-001,XXL,Navy,2,0,2,30,7,30,low_stock,DEL-FC1-E08-R5,192,SUP-001,2026-05-18,2026-05-18
APL-TOP-M-002-XS-SKY,APL-TOP-M-002,XS,Sky Blue,0,0,0,48,12,48,out_of_stock,BLR-FC1-E08-R3,730,SUP-002,2026-07-14,2026-07-17
APL-TOP-M-002-S-SKY,APL-TOP-M-002,S,Sky Blue,74,6,68,0,24,96,in_stock,BLR-FC1-D14-R2,730,SUP-002,2026-05-02,2026-05-14
APL-TOP-M-002-M-SKY,APL-TOP-M-002,M,Sky Blue,175,22,153,0,39,156,in_stock,BLR-FC1-F04-R1,730,SUP-002,2026-06-10,2026-07-01
APL-TOP-M-002-L-SKY,APL-TOP-M-002,L,Sky Blue,178,14,164,0,36,144,in_stock,BLR-FC1-B09-R4,730,SUP-002,2026-05-21,2026-07-15
APL-TOP-M-002-XL-SKY,APL-TOP-M-002,XL,Sky Blue,128,10,118,0,24,96,in_stock,BLR-FC1-E01-R1,730,SUP-002,2026-05-20,2026-05-30
APL-TOP-M-002-XXL-SKY,APL-TOP-M-002,XXL,Sky Blue,55,7,48,0,15,60,in_stock,BLR-FC1-A13-R3,730,SUP-002,2026-06-17,2026-07-05
APL-TOP-M-002-XS-WHI,APL-TOP-M-002,XS,White,45,3,42,0,12,48,in_stock,BLR-FC1-B07-R3,730,SUP-002,2026-05-17,2026-07-17
APL-TOP-M-002-S-WHI,APL-TOP-M-002,S,White,11,0,11,0,24,96,low_stock,BLR-FC1-E17-R2,730,SUP-002,2026-04-27,2026-07-01
APL-TOP-M-002-M-WHI,APL-TOP-M-002,M,White,103,10,93,0,39,156,in_stock,BLR-FC1-A19-R2,730,SUP-002,2026-07-03,2026-07-04
APL-TOP-M-002-L-WHI,APL-TOP-M-002,L,White,157,12,145,0,36,144,in_stock,BLR-FC1-B11-R2,730,SUP-002,2026-05-23,2026-06-17
APL-TOP-M-002-XL-WHI,APL-TOP-M-002,XL,White,67,9,58,0,24,96,in_stock,BLR-FC1-A15-R5,730,SUP-002,2026-07-01,2026-07-04
APL-TOP-M-002-XXL-WHI,APL-TOP-M-002,XXL,White,39,5,34,0,15,60,in_stock,BLR-FC1-B12-R3,730,SUP-002,2026-05-10,2026-07-05
APL-TOP-M-003-XS-BOT,APL-TOP-M-003,XS,Bottle Green,13,1,12,0,5,20,in_stock,MUM-FC1-F04-R2,599,SUP-003,2026-05-23,2026-05-30
APL-TOP-M-003-S-BOT,APL-TOP-M-003,S,Bottle Green,3,0,3,0,5,20,low_stock,MUM-FC1-B09-R5,599,SUP-003,2026-06-21,2026-06-29
APL-TOP-M-003-M-BOT,APL-TOP-M-003,M,Bottle Green,7,0,7,32,8,32,low_stock,MUM-FC1-C05-R3,599,SUP-003,2026-05-10,2026-07-05
APL-TOP-M-003-L-BOT,APL-TOP-M-003,L,Bottle Green,1,0,1,0,7,30,low_stock,MUM-FC1-B18-R1,599,SUP-003,2026-06-06,2026-07-13
APL-TOP-M-003-XL-BOT,APL-TOP-M-003,XL,Bottle Green,3,0,3,0,5,20,low_stock,MUM-FC1-A12-R2,599,SUP-003,2026-05-21,2026-07-02
APL-TOP-M-003-XXL-BOT,APL-TOP-M-003,XXL,Bottle Green,8,0,8,0,5,20,in_stock,MUM-FC1-B08-R2,599,SUP-003,2026-05-12,2026-07-03
APL-TOP-M-003-XS-GRE,APL-TOP-M-003,XS,Grey Melange,6,0,6,0,5,20,in_stock,MUM-FC1-F08-R3,599,SUP-003,2026-05-10,2026-05-23
APL-TOP-M-003-S-GRE,APL-TOP-M-003,S,Grey Melange,0,0,0,20,5,20,out_of_stock,MUM-FC1-B15-R3,599,SUP-003,2026-05-29,2026-07-18
APL-TOP-M-003-M-GRE,APL-TOP-M-003,M,Grey Melange,42,2,40,0,8,32,in_stock,MUM-FC1-A09-R3,599,SUP-003,2026-07-11,2026-07-17
APL-TOP-M-003-L-GRE,APL-TOP-M-003,L,Grey Melange,34,0,34,0,7,30,in_stock,MUM-FC1-C06-R5,599,SUP-003,2026-05-23,2026-05-25
APL-TOP-M-003-XL-GRE,APL-TOP-M-003,XL,Grey Melange,13,0,13,0,5,20,in_stock,MUM-FC1-E04-R4,599,SUP-003,2026-07-02,2026-07-08
APL-TOP-M-003-XXL-GRE,APL-TOP-M-003,XXL,Grey Melange,3,0,3,0,5,20,low_stock,MUM-FC1-F07-R3,599,SUP-003,2026-06-14,2026-06-18
APL-TOP-M-004-XS-CHA,APL-TOP-M-004,XS,Charcoal,8,0,8,0,5,20,in_stock,MUM-FC1-D11-R4,1073,SUP-001,2026-05-27,2026-07-01
APL-TOP-M-004-S-CHA,APL-TOP-M-004,S,Charcoal,14,1,13,0,5,20,in_stock,MUM-FC1-E19-R3,1073,SUP-001,2026-06-10,2026-07-15
APL-TOP-M-004-M-CHA,APL-TOP-M-004,M,Charcoal,41,4,37,0,8,32,in_stock,MUM-FC1-C15-R4,1073,SUP-001,2026-06-15,2026-06-28
APL-TOP-M-004-L-CHA,APL-TOP-M-004,L,Charcoal,30,3,27,0,7,30,in_stock,MUM-FC1-C17-R5,1073,SUP-001,2026-06-01,2026-06-06
APL-TOP-M-004-XL-CHA,APL-TOP-M-004,XL,Charcoal,25,0,25,0,5,20,in_stock,MUM-FC1-A02-R2,1073,SUP-001,2026-06-19,2026-07-08
APL-TOP-M-004-XXL-CHA,APL-TOP-M-004,XXL,Charcoal,0,0,0,20,5,20,out_of_stock,MUM-FC1-F19-R2,1073,SUP-001,2026-06-08,2026-07-09
APL-TOP-M-004-XS-MAR,APL-TOP-M-004,XS,Maroon,0,0,0,20,5,20,out_of_stock,MUM-FC1-A14-R2,1073,SUP-001,2026-05-12,2026-07-17
APL-TOP-M-004-S-MAR,APL-TOP-M-004,S,Maroon,19,0,19,0,5,20,in_stock,MUM-FC1-D17-R5,1073,SUP-001,2026-07-05,2026-07-10
APL-TOP-M-004-M-MAR,APL-TOP-M-004,M,Maroon,44,4,40,0,8,32,in_stock,MUM-FC1-E15-R2,1073,SUP-001,2026-06-19,2026-07-03
APL-TOP-M-004-L-MAR,APL-TOP-M-004,L,Maroon,24,2,22,0,7,30,in_stock,MUM-FC1-F08-R3,1073,SUP-001,2026-06-15,2026-06-19
APL-TOP-M-004-XL-MAR,APL-TOP-M-004,XL,Maroon,23,3,20,0,5,20,in_stock,MUM-FC1-B08-R4,1073,SUP-001,2026-05-09,2026-06-05
APL-TOP-M-004-XXL-MAR,APL-TOP-M-004,XXL,Maroon,8,0,8,0,5,20,in_stock,MUM-FC1-D13-R5,1073,SUP-001,2026-04-22,2026-07-04
APL-TOP-M-005-XS-BEI,APL-TOP-M-005,XS,Beige,20,2,18,0,6,24,in_stock,DEL-FC1-F18-R5,571,SUP-002,2026-05-18,2026-06-18
APL-TOP-M-005-S-BEI,APL-TOP-M-005,S,Beige,6,0,6,0,12,48,low_stock,DEL-FC1-F06-R4,571,SUP-002,2026-05-06,2026-07-13
APL-TOP-M-005-M-BEI,APL-TOP-M-005,M,Beige,48,0,48,0,19,78,in_stock,DEL-FC1-B15-R2,571,SUP-002,2026-04-26,2026-05-29
APL-TOP-M-005-L-BEI,APL-TOP-M-005,L,Beige,65,7,58,0,18,72,in_stock,DEL-FC1-D09-R1,571,SUP-002,2026-06-19,2026-06-19
APL-TOP-M-005-XL-BEI,APL-TOP-M-005,XL,Beige,57,1,56,0,12,48,in_stock,DEL-FC1-F02-R1,571,SUP-002,2026-05-21,2026-06-02
APL-TOP-M-005-XXL-BEI,APL-TOP-M-005,XXL,Beige,38,2,36,0,7,30,in_stock,DEL-FC1-B15-R3,571,SUP-002,2026-06-06,2026-06-16
APL-TOP-M-005-XS-NAV,APL-TOP-M-005,XS,Navy,26,3,23,0,6,24,in_stock,DEL-FC1-C04-R5,571,SUP-002,2026-04-23,2026-06-01
APL-TOP-M-005-S-NAV,APL-TOP-M-005,S,Navy,50,7,43,0,12,48,in_stock,DEL-FC1-E08-R1,571,SUP-002,2026-05-28,2026-07-10
APL-TOP-M-005-M-NAV,APL-TOP-M-005,M,Navy,84,9,75,0,19,78,in_stock,DEL-FC1-D12-R1,571,SUP-002,2026-06-23,2026-07-13
APL-TOP-M-005-L-NAV,APL-TOP-M-005,L,Navy,62,0,62,0,18,72,in_stock,DEL-FC1-F15-R2,571,SUP-002,2026-06-14,2026-06-25
APL-TOP-M-005-XL-NAV,APL-TOP-M-005,XL,Navy,56,6,50,0,12,48,in_stock,DEL-FC1-D15-R4,571,SUP-002,2026-07-04,2026-07-08
APL-TOP-M-005-XXL-NAV,APL-TOP-M-005,XXL,Navy,25,1,24,0,7,30,in_stock,DEL-FC1-D19-R5,571,SUP-002,2026-07-14,2026-07-17
APL-TOP-M-006-XS-BLA,APL-TOP-M-006,XS,Black,17,0,17,0,6,24,in_stock,DEL-FC1-F09-R5,1392,SUP-004,2026-04-21,2026-06-26
APL-TOP-M-006-S-BLA,APL-TOP-M-006,S,Black,65,4,61,0,12,48,in_stock,DEL-FC1-F16-R4,1392,SUP-004,2026-06-16,2026-06-17
APL-TOP-M-006-M-BLA,APL-TOP-M-006,M,Black,52,2,50,0,19,78,in_stock,DEL-FC1-D18-R5,1392,SUP-004,2026-06-03,2026-06-30
APL-TOP-M-006-L-BLA,APL-TOP-M-006,L,Black,100,6,94,0,18,72,in_stock,DEL-FC1-B04-R2,1392,SUP-004,2026-05-30,2026-06-06
APL-TOP-M-006-XL-BLA,APL-TOP-M-006,XL,Black,57,1,56,0,12,48,in_stock,DEL-FC1-C19-R5,1392,SUP-004,2026-07-05,2026-07-09
APL-TOP-M-006-XXL-BLA,APL-TOP-M-006,XXL,Black,41,2,39,0,7,30,in_stock,DEL-FC1-F18-R2,1392,SUP-004,2026-05-25,2026-05-27
APL-TOP-M-006-XS-OLI,APL-TOP-M-006,XS,Olive,33,0,33,0,6,24,in_stock,DEL-FC1-D04-R1,1392,SUP-004,2026-07-02,2026-07-11
APL-TOP-M-006-S-OLI,APL-TOP-M-006,S,Olive,46,0,46,0,12,48,in_stock,DEL-FC1-D04-R1,1392,SUP-004,2026-06-10,2026-07-11
APL-TOP-M-006-M-OLI,APL-TOP-M-006,M,Olive,5,0,5,0,19,78,low_stock,DEL-FC1-A08-R1,1392,SUP-004,2026-06-30,2026-07-13
APL-TOP-M-006-L-OLI,APL-TOP-M-006,L,Olive,78,6,72,0,18,72,in_stock,DEL-FC1-D10-R5,1392,SUP-004,2026-06-13,2026-07-02
APL-TOP-M-006-XL-OLI,APL-TOP-M-006,XL,Olive,50,0,50,0,12,48,in_stock,DEL-FC1-F07-R3,1392,SUP-004,2026-07-13,2026-07-13
APL-TOP-M-006-XXL-OLI,APL-TOP-M-006,XXL,Olive,1,0,1,0,7,30,low_stock,DEL-FC1-D10-R1,1392,SUP-004,2026-05-19,2026-06-06
APL-TOP-M-007-XS-WHI,APL-TOP-M-007,XS,White,15,1,14,0,6,24,in_stock,DEL-FC1-B14-R1,749,SUP-005,2026-06-28,2026-07-05
APL-TOP-M-007-S-WHI,APL-TOP-M-007,S,White,53,0,53,0,12,48,in_stock,DEL-FC1-C20-R5,749,SUP-005,2026-05-26,2026-06-23
APL-TOP-M-007-M-WHI,APL-TOP-M-007,M,White,54,7,47,0,19,78,in_stock,DEL-FC1-D15-R1,749,SUP-005,2026-07-05,2026-07-05
APL-TOP-M-007-L-WHI,APL-TOP-M-007,L,White,94,0,94,0,18,72,in_stock,DEL-FC1-F19-R5,749,SUP-005,2026-04-22,2026-07-17
APL-TOP-M-007-XL-WHI,APL-TOP-M-007,XL,White,60,1,59,0,12,48,in_stock,DEL-FC1-D09-R2,749,SUP-005,2026-07-03,2026-07-16
APL-TOP-M-007-XXL-WHI,APL-TOP-M-007,XXL,White,3,0,3,30,7,30,low_stock,DEL-FC1-A06-R3,749,SUP-005,2026-06-11,2026-07-12
APL-TOP-M-007-XS-MUS,APL-TOP-M-007,XS,Mustard,19,1,18,0,6,24,in_stock,DEL-FC1-C09-R3,749,SUP-005,2026-05-04,2026-06-24
APL-TOP-M-007-S-MUS,APL-TOP-M-007,S,Mustard,9,0,9,48,12,48,low_stock,DEL-FC1-E12-R5,749,SUP-005,2026-06-22,2026-07-12
APL-TOP-M-007-M-MUS,APL-TOP-M-007,M,Mustard,74,1,73,0,19,78,in_stock,DEL-FC1-F16-R1,749,SUP-005,2026-04-23,2026-07-12
APL-TOP-M-007-L-MUS,APL-TOP-M-007,L,Mustard,18,0,18,72,18,72,low_stock,DEL-FC1-B04-R4,749,SUP-005,2026-05-05,2026-05-24
APL-TOP-M-007-XL-MUS,APL-TOP-M-007,XL,Mustard,47,1,46,0,12,48,in_stock,DEL-FC1-D08-R4,749,SUP-005,2026-06-29,2026-07-03
APL-TOP-M-007-XXL-MUS,APL-TOP-M-007,XXL,Mustard,27,3,24,0,7,30,in_stock,DEL-FC1-C14-R3,749,SUP-005,2026-06-23,2026-07-01
APL-TOP-M-008-XS-STE,APL-TOP-M-008,XS,Steel Grey,12,1,11,0,5,20,in_stock,DEL-FC1-D12-R3,342,SUP-003,2026-06-29,2026-07-16
APL-TOP-M-008-S-STE,APL-TOP-M-008,S,Steel Grey,18,2,16,0,5,20,in_stock,DEL-FC1-D08-R4,342,SUP-003,2026-04-25,2026-06-04
APL-TOP-M-008-M-STE,APL-TOP-M-008,M,Steel Grey,38,2,36,0,8,32,in_stock,DEL-FC1-F05-R4,342,SUP-003,2026-04-24,2026-05-10
APL-TOP-M-008-L-STE,APL-TOP-M-008,L,Steel Grey,30,3,27,0,7,30,in_stock,DEL-FC1-E15-R1,342,SUP-003,2026-05-08,2026-06-29
APL-TOP-M-008-XL-STE,APL-TOP-M-008,XL,Steel Grey,3,0,3,0,5,20,low_stock,DEL-FC1-F03-R3,342,SUP-003,2026-07-15,2026-07-18
APL-TOP-M-008-XXL-STE,APL-TOP-M-008,XXL,Steel Grey,17,1,16,0,5,20,in_stock,DEL-FC1-E03-R2,342,SUP-003,2026-07-09,2026-07-13
APL-TOP-M-008-XS-ELE,APL-TOP-M-008,XS,Electric Blue,13,0,13,0,5,20,in_stock,DEL-FC1-A15-R2,342,SUP-003,2026-05-28,2026-05-29
APL-TOP-M-008-S-ELE,APL-TOP-M-008,S,Electric Blue,12,0,12,0,5,20,in_stock,DEL-FC1-E14-R5,342,SUP-003,2026-05-13,2026-06-03
APL-TOP-M-008-M-ELE,APL-TOP-M-008,M,Electric Blue,24,2,22,0,8,32,in_stock,DEL-FC1-E05-R2,342,SUP-003,2026-06-18,2026-07-08
APL-TOP-M-008-L-ELE,APL-TOP-M-008,L,Electric Blue,7,0,7,30,7,30,low_stock,DEL-FC1-E06-R1,342,SUP-003,2026-06-15,2026-07-07
APL-TOP-M-008-XL-ELE,APL-TOP-M-008,XL,Electric Blue,27,2,25,0,5,20,in_stock,DEL-FC1-C07-R4,342,SUP-003,2026-06-20,2026-06-23
APL-TOP-M-008-XXL-ELE,APL-TOP-M-008,XXL,Electric Blue,9,1,8,0,5,20,in_stock,DEL-FC1-F13-R3,342,SUP-003,2026-04-21,2026-07-02
APL-TOP-M-009-XS-NAV,APL-TOP-M-009,XS,Navy,13,1,12,0,5,20,in_stock,BLR-FC1-B20-R3,2049,SUP-002,2026-05-18,2026-06-27
APL-TOP-M-009-S-NAV,APL-TOP-M-009,S,Navy,15,1,14,0,5,20,in_stock,BLR-FC1-B04-R1,2049,SUP-002,2026-05-29,2026-07-18
APL-TOP-M-009-M-NAV,APL-TOP-M-009,M,Navy,30,0,30,0,8,32,in_stock,BLR-FC1-F14-R2,2049,SUP-002,2026-05-15,2026-05-31
APL-TOP-M-009-L-NAV,APL-TOP-M-009,L,Navy,36,2,34,0,7,30,in_stock,BLR-FC1-B09-R4,2049,SUP-002,2026-05-27,2026-07-13
APL-TOP-M-009-XL-NAV,APL-TOP-M-009,XL,Navy,25,0,25,0,5,20,in_stock,BLR-FC1-B13-R5,2049,SUP-002,2026-06-05,2026-06-10
APL-TOP-M-009-XXL-NAV,APL-TOP-M-009,XXL,Navy,0,0,0,20,5,20,out_of_stock,BLR-FC1-D12-R3,2049,SUP-002,2026-07-03,2026-07-15
APL-TOP-M-009-XS-BLA,APL-TOP-M-009,XS,Black,1,0,1,0,5,20,low_stock,BLR-FC1-E11-R5,2049,SUP-002,2026-05-18,2026-06-28
APL-TOP-M-009-S-BLA,APL-TOP-M-009,S,Black,13,0,13,0,5,20,in_stock,BLR-FC1-B02-R1,2049,SUP-002,2026-05-28,2026-06-28
APL-TOP-M-009-M-BLA,APL-TOP-M-009,M,Black,22,1,21,0,8,32,in_stock,BLR-FC1-F18-R4,2049,SUP-002,2026-07-04,2026-07-15
APL-TOP-M-009-L-BLA,APL-TOP-M-009,L,Black,35,4,31,0,7,30,in_stock,BLR-FC1-C02-R3,2049,SUP-002,2026-05-17,2026-06-14
APL-TOP-M-009-XL-BLA,APL-TOP-M-009,XL,Black,19,2,17,0,5,20,in_stock,BLR-FC1-F12-R1,2049,SUP-002,2026-06-09,2026-06-26
APL-TOP-M-009-XXL-BLA,APL-TOP-M-009,XXL,Black,0,0,0,0,5,20,out_of_stock,BLR-FC1-D03-R2,2049,SUP-002,2026-07-11,2026-07-11
APL-BTM-M-010-XS-IND,APL-BTM-M-010,XS,Indigo,59,4,55,0,12,48,in_stock,BLR-FC1-B11-R2,873,SUP-006,2026-07-05,2026-07-05
APL-BTM-M-010-S-IND,APL-BTM-M-010,S,Indigo,78,6,72,0,24,96,in_stock,BLR-FC1-A01-R2,873,SUP-006,2026-04-21,2026-06-05
APL-BTM-M-010-M-IND,APL-BTM-M-010,M,Indigo,192,5,187,0,39,156,in_stock,BLR-FC1-F14-R5,873,SUP-006,2026-05-04,2026-05-12
APL-BTM-M-010-L-IND,APL-BTM-M-010,L,Indigo,141,2,139,0,36,144,in_stock,BLR-FC1-E02-R5,873,SUP-006,2026-05-28,2026-06-26
APL-BTM-M-010-XL-IND,APL-BTM-M-010,XL,Indigo,0,0,0,0,24,96,out_of_stock,BLR-FC1-D14-R1,873,SUP-006,2026-06-21,2026-07-13
APL-BTM-M-010-XXL-IND,APL-BTM-M-010,XXL,Indigo,0,0,0,60,15,60,out_of_stock,BLR-FC1-E05-R1,873,SUP-006,2026-05-06,2026-06-10
APL-BTM-M-010-XS-JET,APL-BTM-M-010,XS,Jet Black,52,2,50,0,12,48,in_stock,BLR-FC1-C15-R5,873,SUP-006,2026-07-06,2026-07-12
APL-BTM-M-010-S-JET,APL-BTM-M-010,S,Jet Black,65,6,59,0,24,96,in_stock,BLR-FC1-F07-R4,873,SUP-006,2026-06-16,2026-06-30
APL-BTM-M-010-M-JET,APL-BTM-M-010,M,Jet Black,145,15,130,0,39,156,in_stock,BLR-FC1-C09-R3,873,SUP-006,2026-05-09,2026-07-08
APL-BTM-M-010-L-JET,APL-BTM-M-010,L,Jet Black,7,0,7,144,36,144,low_stock,BLR-FC1-B18-R1,873,SUP-006,2026-07-04,2026-07-12
APL-BTM-M-010-XL-JET,APL-BTM-M-010,XL,Jet Black,100,13,87,0,24,96,in_stock,BLR-FC1-D02-R3,873,SUP-006,2026-07-05,2026-07-09
APL-BTM-M-010-XXL-JET,APL-BTM-M-010,XXL,Jet Black,52,5,47,0,15,60,in_stock,BLR-FC1-A12-R5,873,SUP-006,2026-06-06,2026-06-13
APL-BTM-M-011-XS-KHA,APL-BTM-M-011,XS,Khaki,30,2,28,0,6,24,in_stock,DEL-FC1-A20-R3,716,SUP-002,2026-04-23,2026-05-16
APL-BTM-M-011-S-KHA,APL-BTM-M-011,S,Khaki,39,2,37,0,12,48,in_stock,DEL-FC1-B19-R4,716,SUP-002,2026-04-28,2026-05-16
APL-BTM-M-011-M-KHA,APL-BTM-M-011,M,Khaki,17,0,17,78,19,78,low_stock,DEL-FC1-C06-R3,716,SUP-002,2026-05-29,2026-07-14
APL-BTM-M-011-L-KHA,APL-BTM-M-011,L,Khaki,61,8,53,0,18,72,in_stock,DEL-FC1-E02-R1,716,SUP-002,2026-05-24,2026-06-21
APL-BTM-M-011-XL-KHA,APL-BTM-M-011,XL,Khaki,54,2,52,0,12,48,in_stock,DEL-FC1-A12-R4,716,SUP-002,2026-05-04,2026-06-09
APL-BTM-M-011-XXL-KHA,APL-BTM-M-011,XXL,Khaki,34,1,33,0,7,30,in_stock,DEL-FC1-E02-R1,716,SUP-002,2026-05-16,2026-06-23
APL-BTM-M-011-XS-OLI,APL-BTM-M-011,XS,Olive,32,1,31,0,6,24,in_stock,DEL-FC1-D14-R2,716,SUP-002,2026-05-06,2026-06-23
APL-BTM-M-011-S-OLI,APL-BTM-M-011,S,Olive,49,4,45,0,12,48,in_stock,DEL-FC1-D02-R4,716,SUP-002,2026-04-22,2026-06-19
APL-BTM-M-011-M-OLI,APL-BTM-M-011,M,Olive,104,8,96,0,19,78,in_stock,DEL-FC1-D10-R1,716,SUP-002,2026-06-10,2026-06-11
APL-BTM-M-011-L-OLI,APL-BTM-M-011,L,Olive,98,6,92,0,18,72,in_stock,DEL-FC1-C03-R4,716,SUP-002,2026-05-03,2026-06-03
APL-BTM-M-011-XL-OLI,APL-BTM-M-011,XL,Olive,5,0,5,48,12,48,low_stock,DEL-FC1-B03-R5,716,SUP-002,2026-07-10,2026-07-11
APL-BTM-M-011-XXL-OLI,APL-BTM-M-011,XXL,Olive,30,1,29,0,7,30,in_stock,DEL-FC1-F05-R2,716,SUP-002,2026-05-03,2026-05-21
APL-BTM-M-011-XS-NAV,APL-BTM-M-011,XS,Navy,6,0,6,0,6,24,low_stock,DEL-FC1-F16-R4,716,SUP-002,2026-07-01,2026-07-15
APL-BTM-M-011-S-NAV,APL-BTM-M-011,S,Navy,54,7,47,0,12,48,in_stock,DEL-FC1-F11-R2,716,SUP-002,2026-06-15,2026-06-19
APL-BTM-M-011-M-NAV,APL-BTM-M-011,M,Navy,76,6,70,0,19,78,in_stock,DEL-FC1-A10-R4,716,SUP-002,2026-06-16,2026-06-18
APL-BTM-M-011-L-NAV,APL-BTM-M-011,L,Navy,3,0,3,72,18,72,low_stock,DEL-FC1-D19-R5,716,SUP-002,2026-04-25,2026-06-21
APL-BTM-M-011-XL-NAV,APL-BTM-M-011,XL,Navy,63,5,58,0,12,48,in_stock,DEL-FC1-A15-R1,716,SUP-002,2026-06-02,2026-07-17
APL-BTM-M-011-XXL-NAV,APL-BTM-M-011,XXL,Navy,6,0,6,30,7,30,low_stock,DEL-FC1-E20-R2,716,SUP-002,2026-06-05,2026-06-28
APL-BTM-M-012-XS-BLA,APL-BTM-M-012,XS,Black,0,0,0,20,5,20,out_of_stock,DEL-FC1-C03-R3,668,SUP-003,2026-05-02,2026-07-12
APL-BTM-M-012-S-BLA,APL-BTM-M-012,S,Black,22,2,20,0,5,20,in_stock,DEL-FC1-B11-R1,668,SUP-003,2026-07-03,2026-07-07
APL-BTM-M-012-M-BLA,APL-BTM-M-012,M,Black,43,4,39,0,8,32,in_stock,DEL-FC1-F03-R3,668,SUP-003,2026-06-30,2026-07-12
APL-BTM-M-012-L-BLA,APL-BTM-M-012,L,Black,6,0,6,0,7,30,low_stock,DEL-FC1-F17-R1,668,SUP-003,2026-07-11,2026-07-17
APL-BTM-M-012-XL-BLA,APL-BTM-M-012,XL,Black,0,0,0,20,5,20,out_of_stock,DEL-FC1-B11-R4,668,SUP-003,2026-05-14,2026-06-11
APL-BTM-M-012-XXL-BLA,APL-BTM-M-012,XXL,Black,0,0,0,20,5,20,out_of_stock,DEL-FC1-A17-R5,668,SUP-003,2026-06-26,2026-06-27
APL-BTM-M-012-XS-GRE,APL-BTM-M-012,XS,Grey Melange,11,0,11,0,5,20,in_stock,DEL-FC1-B20-R2,668,SUP-003,2026-06-15,2026-06-17
APL-BTM-M-012-S-GRE,APL-BTM-M-012,S,Grey Melange,18,1,17,0,5,20,in_stock,DEL-FC1-F15-R2,668,SUP-003,2026-06-27,2026-07-04
APL-BTM-M-012-M-GRE,APL-BTM-M-012,M,Grey Melange,27,3,24,0,8,32,in_stock,DEL-FC1-E15-R4,668,SUP-003,2026-05-26,2026-07-14
APL-BTM-M-012-L-GRE,APL-BTM-M-012,L,Grey Melange,27,3,24,0,7,30,in_stock,DEL-FC1-B09-R1,668,SUP-003,2026-07-11,2026-07-18
APL-BTM-M-012-XL-GRE,APL-BTM-M-012,XL,Grey Melange,5,0,5,20,5,20,low_stock,DEL-FC1-B09-R4,668,SUP-003,2026-06-24,2026-06-28
APL-BTM-M-012-XXL-GRE,APL-BTM-M-012,XXL,Grey Melange,0,0,0,0,5,20,out_of_stock,DEL-FC1-D12-R1,668,SUP-003,2026-06-12,2026-06-15
APL-BTM-M-013-XS-KHA,APL-BTM-M-013,XS,Khaki,1,0,1,0,6,24,low_stock,DEL-FC1-B05-R1,576,SUP-004,2026-05-26,2026-07-18
APL-BTM-M-013-S-KHA,APL-BTM-M-013,S,Khaki,46,3,43,0,12,48,in_stock,DEL-FC1-A01-R3,576,SUP-004,2026-05-17,2026-07-09
APL-BTM-M-013-M-KHA,APL-BTM-M-013,M,Khaki,56,3,53,0,19,78,in_stock,DEL-FC1-B10-R1,576,SUP-004,2026-04-26,2026-05-26
APL-BTM-M-013-L-KHA,APL-BTM-M-013,L,Khaki,67,1,66,0,18,72,in_stock,DEL-FC1-E18-R1,576,SUP-004,2026-07-09,2026-07-17
APL-BTM-M-013-XL-KHA,APL-BTM-M-013,XL,Khaki,50,0,50,0,12,48,in_stock,DEL-FC1-E14-R2,576,SUP-004,2026-07-14,2026-07-14
APL-BTM-M-013-XXL-KHA,APL-BTM-M-013,XXL,Khaki,30,2,28,0,7,30,in_stock,DEL-FC1-E18-R1,576,SUP-004,2026-06-08,2026-07-08
APL-BTM-M-013-XS-STO,APL-BTM-M-013,XS,Stone Grey,15,1,14,0,6,24,in_stock,DEL-FC1-A12-R2,576,SUP-004,2026-07-13,2026-07-18
APL-BTM-M-013-S-STO,APL-BTM-M-013,S,Stone Grey,32,0,32,0,12,48,in_stock,DEL-FC1-C06-R4,576,SUP-004,2026-06-20,2026-07-10
APL-BTM-M-013-M-STO,APL-BTM-M-013,M,Stone Grey,58,8,50,78,19,78,in_stock,DEL-FC1-B02-R2,576,SUP-004,2026-04-25,2026-06-04
APL-BTM-M-013-L-STO,APL-BTM-M-013,L,Stone Grey,96,7,89,0,18,72,in_stock,DEL-FC1-F07-R3,576,SUP-004,2026-06-04,2026-06-07
APL-BTM-M-013-XL-STO,APL-BTM-M-013,XL,Stone Grey,6,0,6,48,12,48,low_stock,DEL-FC1-D13-R3,576,SUP-004,2026-05-13,2026-07-15
APL-BTM-M-013-XXL-STO,APL-BTM-M-013,XXL,Stone Grey,34,1,33,0,7,30,in_stock,DEL-FC1-D03-R4,576,SUP-004,2026-07-06,2026-07-08
APL-BTM-M-014-XS-CHA,APL-BTM-M-014,XS,Charcoal,20,2,18,0,6,24,in_stock,BLR-FC1-D12-R4,869,SUP-002,2026-04-25,2026-06-09
APL-BTM-M-014-S-CHA,APL-BTM-M-014,S,Charcoal,52,6,46,0,12,48,in_stock,BLR-FC1-F13-R3,869,SUP-002,2026-06-24,2026-07-17
APL-BTM-M-014-M-CHA,APL-BTM-M-014,M,Charcoal,15,0,15,78,19,78,low_stock,BLR-FC1-F12-R3,869,SUP-002,2026-06-08,2026-07-14
APL-BTM-M-014-L-CHA,APL-BTM-M-014,L,Charcoal,45,2,43,0,18,72,in_stock,BLR-FC1-A19-R2,869,SUP-002,2026-06-26,2026-07-07
APL-BTM-M-014-XL-CHA,APL-BTM-M-014,XL,Charcoal,44,0,44,0,12,48,in_stock,BLR-FC1-D17-R4,869,SUP-002,2026-06-30,2026-07-03
APL-BTM-M-014-XXL-CHA,APL-BTM-M-014,XXL,Charcoal,24,3,21,0,7,30,in_stock,BLR-FC1-D07-R1,869,SUP-002,2026-05-07,2026-05-16
APL-BTM-M-014-XS-BLA,APL-BTM-M-014,XS,Black,23,0,23,0,6,24,in_stock,BLR-FC1-C12-R1,869,SUP-002,2026-06-29,2026-07-16
APL-BTM-M-014-S-BLA,APL-BTM-M-014,S,Black,12,1,11,0,12,48,low_stock,BLR-FC1-C17-R2,869,SUP-002,2026-05-05,2026-05-30
APL-BTM-M-014-M-BLA,APL-BTM-M-014,M,Black,96,5,91,0,19,78,in_stock,BLR-FC1-D18-R2,869,SUP-002,2026-07-07,2026-07-08
APL-BTM-M-014-L-BLA,APL-BTM-M-014,L,Black,46,3,43,0,18,72,in_stock,BLR-FC1-D19-R1,869,SUP-002,2026-05-06,2026-06-15
APL-BTM-M-014-XL-BLA,APL-BTM-M-014,XL,Black,53,2,51,0,12,48,in_stock,BLR-FC1-E19-R2,869,SUP-002,2026-05-06,2026-06-30
APL-BTM-M-014-XXL-BLA,APL-BTM-M-014,XXL,Black,30,2,28,0,7,30,in_stock,BLR-FC1-B11-R2,869,SUP-002,2026-06-03,2026-07-06
APL-BTM-M-015-XS-BLA,APL-BTM-M-015,XS,Black,7,0,7,0,5,20,in_stock,DEL-FC1-A17-R2,523,SUP-003,2026-07-04,2026-07-13
APL-BTM-M-015-S-BLA,APL-BTM-M-015,S,Black,14,1,13,0,5,20,in_stock,DEL-FC1-E02-R1,523,SUP-003,2026-04-30,2026-05-05
APL-BTM-M-015-M-BLA,APL-BTM-M-015,M,Black,44,1,43,0,8,32,in_stock,DEL-FC1-E01-R4,523,SUP-003,2026-07-09,2026-07-17
APL-BTM-M-015-L-BLA,APL-BTM-M-015,L,Black,24,2,22,0,7,30,in_stock,DEL-FC1-C15-R1,523,SUP-003,2026-04-27,2026-05-17
APL-BTM-M-015-XL-BLA,APL-BTM-M-015,XL,Black,19,1,18,0,5,20,in_stock,DEL-FC1-F11-R3,523,SUP-003,2026-06-10,2026-06-18
APL-BTM-M-015-XXL-BLA,APL-BTM-M-015,XXL,Black,1,0,1,20,5,20,low_stock,DEL-FC1-B05-R1,523,SUP-003,2026-04-26,2026-06-02
APL-BTM-M-015-XS-NAV,APL-BTM-M-015,XS,Navy,13,1,12,0,5,20,in_stock,DEL-FC1-C19-R3,523,SUP-003,2026-05-14,2026-06-03
APL-BTM-M-015-S-NAV,APL-BTM-M-015,S,Navy,19,0,19,20,5,20,in_stock,DEL-FC1-D17-R4,523,SUP-003,2026-05-20,2026-06-02
APL-BTM-M-015-M-NAV,APL-BTM-M-015,M,Navy,0,0,0,32,8,32,out_of_stock,DEL-FC1-E16-R3,523,SUP-003,2026-06-27,2026-06-27
APL-BTM-M-015-L-NAV,APL-BTM-M-015,L,Navy,38,4,34,0,7,30,in_stock,DEL-FC1-C02-R4,523,SUP-003,2026-04-26,2026-07-07
APL-BTM-M-015-XL-NAV,APL-BTM-M-015,XL,Navy,20,1,19,0,5,20,in_stock,DEL-FC1-E09-R5,523,SUP-003,2026-07-07,2026-07-08
APL-BTM-M-015-XXL-NAV,APL-BTM-M-015,XXL,Navy,0,0,0,20,5,20,out_of_stock,DEL-FC1-C18-R3,523,SUP-003,2026-05-08,2026-06-02
APL-BTM-M-016-XS-MID,APL-BTM-M-016,XS,Mid-Blue,15,1,14,0,6,24,in_stock,BLR-FC1-E17-R2,1030,SUP-006,2026-05-31,2026-07-09
APL-BTM-M-016-S-MID,APL-BTM-M-016,S,Mid-Blue,41,5,36,0,12,48,in_stock,BLR-FC1-E17-R5,1030,SUP-006,2026-06-21,2026-07-13
APL-BTM-M-016-M-MID,APL-BTM-M-016,M,Mid-Blue,11,1,10,0,19,78,low_stock,BLR-FC1-E10-R1,1030,SUP-006,2026-07-05,2026-07-12
APL-BTM-M-016-L-MID,APL-BTM-M-016,L,Mid-Blue,58,5,53,0,18,72,in_stock,BLR-FC1-A19-R4,1030,SUP-006,2026-05-11,2026-07-17
APL-BTM-M-016-XL-MID,APL-BTM-M-016,XL,Mid-Blue,52,1,51,0,12,48,in_stock,BLR-FC1-A19-R1,1030,SUP-006,2026-05-14,2026-05-16
APL-BTM-M-016-XXL-MID,APL-BTM-M-016,XXL,Mid-Blue,28,0,28,0,7,30,in_stock,BLR-FC1-E16-R1,1030,SUP-006,2026-05-07,2026-07-12
APL-BTM-M-017-XS-WHI,APL-BTM-M-017,XS,White,23,1,22,0,6,24,in_stock,MUM-FC1-E12-R3,435,SUP-005,2026-07-07,2026-07-14
APL-BTM-M-017-S-WHI,APL-BTM-M-017,S,White,36,1,35,0,12,48,in_stock,MUM-FC1-C10-R2,435,SUP-005,2026-06-21,2026-07-01
APL-BTM-M-017-M-WHI,APL-BTM-M-017,M,White,76,8,68,0,19,78,in_stock,MUM-FC1-E18-R4,435,SUP-005,2026-06-09,2026-07-01
APL-BTM-M-017-L-WHI,APL-BTM-M-017,L,White,98,4,94,0,18,72,in_stock,MUM-FC1-C15-R3,435,SUP-005,2026-06-20,2026-06-26
APL-BTM-M-017-XL-WHI,APL-BTM-M-017,XL,White,36,3,33,0,12,48,in_stock,MUM-FC1-E19-R2,435,SUP-005,2026-05-21,2026-05-24
APL-BTM-M-017-XXL-WHI,APL-BTM-M-017,XXL,White,34,0,34,0,7,30,in_stock,MUM-FC1-F16-R1,435,SUP-005,2026-05-07,2026-05-07
APL-BTM-M-017-XS-SAG,APL-BTM-M-017,XS,Sage,6,0,6,0,6,24,low_stock,MUM-FC1-D07-R3,435,SUP-005,2026-05-31,2026-06-18
APL-BTM-M-017-S-SAG,APL-BTM-M-017,S,Sage,10,0,10,0,12,48,low_stock,MUM-FC1-A06-R4,435,SUP-005,2026-05-12,2026-05-16
APL-BTM-M-017-M-SAG,APL-BTM-M-017,M,Sage,109,15,94,0,19,78,in_stock,MUM-FC1-C02-R1,435,SUP-005,2026-05-28,2026-07-03
APL-BTM-M-017-L-SAG,APL-BTM-M-017,L,Sage,77,5,72,0,18,72,in_stock,MUM-FC1-E16-R2,435,SUP-005,2026-06-23,2026-07-07
APL-BTM-M-017-XL-SAG,APL-BTM-M-017,XL,Sage,39,4,35,0,12,48,in_stock,MUM-FC1-F06-R1,435,SUP-005,2026-06-02,2026-06-20
APL-BTM-M-017-XXL-SAG,APL-BTM-M-017,XXL,Sage,31,3,28,0,7,30,in_stock,MUM-FC1-D17-R3,435,SUP-005,2026-05-01,2026-06-21
APL-TOP-F-018-XS-LAV,APL-TOP-F-018,XS,Lavender,4,0,4,0,6,24,low_stock,BLR-FC1-C10-R5,246,SUP-007,2026-07-02,2026-07-02
APL-TOP-F-018-S-LAV,APL-TOP-F-018,S,Lavender,38,3,35,0,12,48,in_stock,BLR-FC1-B13-R5,246,SUP-007,2026-05-29,2026-07-12
APL-TOP-F-018-M-LAV,APL-TOP-F-018,M,Lavender,54,4,50,0,19,78,in_stock,BLR-FC1-B16-R2,246,SUP-007,2026-06-17,2026-07-10
APL-TOP-F-018-L-LAV,APL-TOP-F-018,L,Lavender,67,5,62,0,18,72,in_stock,BLR-FC1-B08-R5,246,SUP-007,2026-04-30,2026-07-06
APL-TOP-F-018-XL-LAV,APL-TOP-F-018,XL,Lavender,10,0,10,0,12,48,low_stock,BLR-FC1-E07-R5,246,SUP-007,2026-06-27,2026-07-01
APL-TOP-F-018-XXL-LAV,APL-TOP-F-018,XXL,Lavender,21,2,19,0,7,30,in_stock,BLR-FC1-D03-R5,246,SUP-007,2026-06-16,2026-06-19
APL-TOP-F-018-XS-BLA,APL-TOP-F-018,XS,Black,23,0,23,0,6,24,in_stock,BLR-FC1-C01-R4,246,SUP-007,2026-05-22,2026-07-13
APL-TOP-F-018-S-BLA,APL-TOP-F-018,S,Black,7,0,7,48,12,48,low_stock,BLR-FC1-A03-R4,246,SUP-007,2026-04-24,2026-05-30
APL-TOP-F-018-M-BLA,APL-TOP-F-018,M,Black,72,10,62,0,19,78,in_stock,BLR-FC1-D12-R4,246,SUP-007,2026-06-16,2026-07-10
APL-TOP-F-018-L-BLA,APL-TOP-F-018,L,Black,64,5,59,0,18,72,in_stock,BLR-FC1-C04-R2,246,SUP-007,2026-06-27,2026-07-09
APL-TOP-F-018-XL-BLA,APL-TOP-F-018,XL,Black,49,0,49,48,12,48,in_stock,BLR-FC1-C15-R5,246,SUP-007,2026-06-13,2026-07-17
APL-TOP-F-018-XXL-BLA,APL-TOP-F-018,XXL,Black,27,0,27,0,7,30,in_stock,BLR-FC1-F04-R1,246,SUP-007,2026-07-13,2026-07-16
APL-TOP-F-019-XS-FLO,APL-TOP-F-019,XS,Floral Coral,0,0,0,24,6,24,out_of_stock,BLR-FC1-D20-R1,1078,SUP-008,2026-05-21,2026-07-07
APL-TOP-F-019-S-FLO,APL-TOP-F-019,S,Floral Coral,30,3,27,0,12,48,in_stock,BLR-FC1-B17-R3,1078,SUP-008,2026-05-19,2026-07-10
APL-TOP-F-019-M-FLO,APL-TOP-F-019,M,Floral Coral,103,11,92,0,19,78,in_stock,BLR-FC1-B10-R2,1078,SUP-008,2026-07-13,2026-07-17
APL-TOP-F-019-L-FLO,APL-TOP-F-019,L,Floral Coral,6,0,6,72,18,72,low_stock,BLR-FC1-D02-R3,1078,SUP-008,2026-07-11,2026-07-17
APL-TOP-F-019-XL-FLO,APL-TOP-F-019,XL,Floral Coral,58,1,57,0,12,48,in_stock,BLR-FC1-E16-R2,1078,SUP-008,2026-05-18,2026-06-06
APL-TOP-F-019-XXL-FLO,APL-TOP-F-019,XXL,Floral Coral,38,0,38,0,7,30,in_stock,BLR-FC1-D18-R5,1078,SUP-008,2026-05-07,2026-06-25
APL-TOP-F-019-XS-FLH,APL-TOP-F-019,XS,Floral Teal,4,0,4,24,6,24,low_stock,BLR-FC1-F07-R1,1078,SUP-008,2026-05-24,2026-06-17
APL-TOP-F-019-S-FLH,APL-TOP-F-019,S,Floral Teal,54,1,53,0,12,48,in_stock,BLR-FC1-F18-R2,1078,SUP-008,2026-06-20,2026-06-26
APL-TOP-F-019-M-FLH,APL-TOP-F-019,M,Floral Teal,101,0,101,0,19,78,in_stock,BLR-FC1-F04-R4,1078,SUP-008,2026-05-21,2026-07-04
APL-TOP-F-019-L-FLH,APL-TOP-F-019,L,Floral Teal,78,6,72,0,18,72,in_stock,BLR-FC1-D15-R5,1078,SUP-008,2026-07-12,2026-07-14
APL-TOP-F-019-XL-FLH,APL-TOP-F-019,XL,Floral Teal,40,2,38,0,12,48,in_stock,BLR-FC1-F16-R3,1078,SUP-008,2026-05-16,2026-07-02
APL-TOP-F-019-XXL-FLH,APL-TOP-F-019,XXL,Floral Teal,0,0,0,0,7,30,out_of_stock,BLR-FC1-F05-R1,1078,SUP-008,2026-05-23,2026-06-27
APL-TOP-F-020-XS-WHI,APL-TOP-F-020,XS,White,8,0,8,0,5,20,in_stock,DEL-FC1-E11-R3,382,SUP-001,2026-06-21,2026-07-14
APL-TOP-F-020-S-WHI,APL-TOP-F-020,S,White,22,2,20,0,5,20,in_stock,DEL-FC1-F18-R4,382,SUP-001,2026-05-13,2026-05-20
APL-TOP-F-020-M-WHI,APL-TOP-F-020,M,White,1,0,1,32,8,32,low_stock,DEL-FC1-F08-R1,382,SUP-001,2026-05-09,2026-05-10
APL-TOP-F-020-L-WHI,APL-TOP-F-020,L,White,6,0,6,0,7,30,low_stock,DEL-FC1-D16-R1,382,SUP-001,2026-04-20,2026-06-27
APL-TOP-F-020-XL-WHI,APL-TOP-F-020,XL,White,0,0,0,20,5,20,out_of_stock,DEL-FC1-C18-R3,382,SUP-001,2026-04-22,2026-06-25
APL-TOP-F-020-XXL-WHI,APL-TOP-F-020,XXL,White,15,2,13,0,5,20,in_stock,DEL-FC1-A17-R2,382,SUP-001,2026-05-20,2026-06-01
APL-TOP-F-020-XS-SAG,APL-TOP-F-020,XS,Sage,10,1,9,0,5,20,in_stock,DEL-FC1-D15-R5,382,SUP-001,2026-05-21,2026-07-04
APL-TOP-F-020-S-SAG,APL-TOP-F-020,S,Sage,15,1,14,0,5,20,in_stock,DEL-FC1-A03-R4,382,SUP-001,2026-06-07,2026-07-01
APL-TOP-F-020-M-SAG,APL-TOP-F-020,M,Sage,0,0,0,32,8,32,out_of_stock,DEL-FC1-B03-R4,382,SUP-001,2026-06-14,2026-07-05
APL-TOP-F-020-L-SAG,APL-TOP-F-020,L,Sage,5,0,5,30,7,30,low_stock,DEL-FC1-F19-R4,382,SUP-001,2026-05-24,2026-05-26
APL-TOP-F-020-XL-SAG,APL-TOP-F-020,XL,Sage,26,2,24,0,5,20,in_stock,DEL-FC1-B11-R1,382,SUP-001,2026-05-16,2026-06-03
APL-TOP-F-020-XXL-SAG,APL-TOP-F-020,XXL,Sage,15,0,15,0,5,20,in_stock,DEL-FC1-B19-R4,382,SUP-001,2026-07-15,2026-07-17
APL-TOP-F-021-XS-TEA,APL-TOP-F-021,XS,Teal,28,0,28,0,6,24,in_stock,MUM-FC1-A11-R5,1163,SUP-005,2026-07-07,2026-07-16
APL-TOP-F-021-S-TEA,APL-TOP-F-021,S,Teal,5,0,5,48,12,48,low_stock,MUM-FC1-B12-R5,1163,SUP-005,2026-06-07,2026-07-04
APL-TOP-F-021-M-TEA,APL-TOP-F-021,M,Teal,58,6,52,0,19,78,in_stock,MUM-FC1-B03-R1,1163,SUP-005,2026-05-24,2026-06-02
APL-TOP-F-021-L-TEA,APL-TOP-F-021,L,Teal,13,0,13,72,18,72,low_stock,MUM-FC1-A10-R4,1163,SUP-005,2026-06-05,2026-06-22
APL-TOP-F-021-XL-TEA,APL-TOP-F-021,XL,Teal,32,2,30,0,12,48,in_stock,MUM-FC1-A01-R1,1163,SUP-005,2026-06-04,2026-07-09
APL-TOP-F-021-XXL-TEA,APL-TOP-F-021,XXL,Teal,20,1,19,0,7,30,in_stock,MUM-FC1-D03-R5,1163,SUP-005,2026-05-21,2026-06-26
APL-TOP-F-021-XS-COR,APL-TOP-F-021,XS,Coral,24,0,24,0,6,24,in_stock,MUM-FC1-B03-R2,1163,SUP-005,2026-06-14,2026-07-01
APL-TOP-F-021-S-COR,APL-TOP-F-021,S,Coral,5,0,5,0,12,48,low_stock,MUM-FC1-D20-R5,1163,SUP-005,2026-05-15,2026-07-12
APL-TOP-F-021-M-COR,APL-TOP-F-021,M,Coral,53,2,51,0,19,78,in_stock,MUM-FC1-C15-R3,1163,SUP-005,2026-06-14,2026-06-22
APL-TOP-F-021-L-COR,APL-TOP-F-021,L,Coral,60,4,56,0,18,72,in_stock,MUM-FC1-D11-R3,1163,SUP-005,2026-07-10,2026-07-17
APL-TOP-F-021-XL-COR,APL-TOP-F-021,XL,Coral,65,2,63,0,12,48,in_stock,MUM-FC1-C04-R5,1163,SUP-005,2026-05-15,2026-06-07
APL-TOP-F-021-XXL-COR,APL-TOP-F-021,XXL,Coral,34,2,32,0,7,30,in_stock,MUM-FC1-D10-R1,1163,SUP-005,2026-06-11,2026-07-12
APL-TOP-F-022-XS-WHI,APL-TOP-F-022,XS,White,54,0,54,0,12,48,in_stock,DEL-FC1-D19-R4,647,SUP-007,2026-06-27,2026-07-13
APL-TOP-F-022-S-WHI,APL-TOP-F-022,S,White,128,0,128,0,24,96,in_stock,DEL-FC1-F18-R5,647,SUP-007,2026-07-10,2026-07-11
APL-TOP-F-022-M-WHI,APL-TOP-F-022,M,White,107,2,105,0,39,156,in_stock,DEL-FC1-E13-R3,647,SUP-007,2026-06-14,2026-06-20
APL-TOP-F-022-L-WHI,APL-TOP-F-022,L,White,87,6,81,0,36,144,in_stock,DEL-FC1-E08-R4,647,SUP-007,2026-06-06,2026-07-01
APL-TOP-F-022-XL-WHI,APL-TOP-F-022,XL,White,93,2,91,0,24,96,in_stock,DEL-FC1-D04-R3,647,SUP-007,2026-06-12,2026-06-17
APL-TOP-F-022-XXL-WHI,APL-TOP-F-022,XXL,White,5,0,5,0,15,60,low_stock,DEL-FC1-E16-R3,647,SUP-007,2026-06-19,2026-06-22
APL-TOP-F-022-XS-POW,APL-TOP-F-022,XS,Powder Blue,45,2,43,0,12,48,in_stock,DEL-FC1-A01-R3,647,SUP-007,2026-07-11,2026-07-12
APL-TOP-F-022-S-POW,APL-TOP-F-022,S,Powder Blue,109,3,106,0,24,96,in_stock,DEL-FC1-B11-R5,647,SUP-007,2026-06-13,2026-07-12
APL-TOP-F-022-M-POW,APL-TOP-F-022,M,Powder Blue,122,11,111,0,39,156,in_stock,DEL-FC1-A20-R2,647,SUP-007,2026-06-16,2026-07-13
APL-TOP-F-022-L-POW,APL-TOP-F-022,L,Powder Blue,131,14,117,0,36,144,in_stock,DEL-FC1-A19-R1,647,SUP-007,2026-06-27,2026-07-02
APL-TOP-F-022-XL-POW,APL-TOP-F-022,XL,Powder Blue,22,2,20,96,24,96,low_stock,DEL-FC1-F11-R5,647,SUP-007,2026-06-08,2026-07-17
APL-TOP-F-022-XXL-POW,APL-TOP-F-022,XXL,Powder Blue,54,3,51,0,15,60,in_stock,DEL-FC1-F10-R5,647,SUP-007,2026-07-04,2026-07-05
APL-TOP-F-023-XS-EME,APL-TOP-F-023,XS,Emerald,20,1,19,0,6,24,in_stock,BLR-FC1-B19-R4,996,SUP-008,2026-06-13,2026-06-24
APL-TOP-F-023-S-EME,APL-TOP-F-023,S,Emerald,47,6,41,0,12,48,in_stock,BLR-FC1-B16-R3,996,SUP-008,2026-05-07,2026-05-30
APL-TOP-F-023-M-EME,APL-TOP-F-023,M,Emerald,12,1,11,78,19,78,low_stock,BLR-FC1-B13-R5,996,SUP-008,2026-06-23,2026-07-13
APL-TOP-F-023-L-EME,APL-TOP-F-023,L,Emerald,71,8,63,0,18,72,in_stock,BLR-FC1-A19-R1,996,SUP-008,2026-05-18,2026-06-05
APL-TOP-F-023-XL-EME,APL-TOP-F-023,XL,Emerald,30,3,27,0,12,48,in_stock,BLR-FC1-D18-R5,996,SUP-008,2026-05-04,2026-07-16
APL-TOP-F-023-XXL-EME,APL-TOP-F-023,XXL,Emerald,20,1,19,0,7,30,in_stock,BLR-FC1-A15-R5,996,SUP-008,2026-05-17,2026-06-13
APL-TOP-F-023-XS-CHA,APL-TOP-F-023,XS,Champagne,16,0,16,0,6,24,in_stock,BLR-FC1-D09-R3,996,SUP-008,2026-05-01,2026-06-26
APL-TOP-F-023-S-CHA,APL-TOP-F-023,S,Champagne,62,1,61,0,12,48,in_stock,BLR-FC1-F12-R5,996,SUP-008,2026-07-09,2026-07-15
APL-TOP-F-023-M-CHA,APL-TOP-F-023,M,Champagne,57,1,56,0,19,78,in_stock,BLR-FC1-C18-R3,996,SUP-008,2026-07-05,2026-07-13
APL-TOP-F-023-L-CHA,APL-TOP-F-023,L,Champagne,52,4,48,0,18,72,in_stock,BLR-FC1-E04-R2,996,SUP-008,2026-06-11,2026-06-14
APL-TOP-F-023-XL-CHA,APL-TOP-F-023,XL,Champagne,3,0,3,0,12,48,low_stock,BLR-FC1-B13-R4,996,SUP-008,2026-05-08,2026-06-11
APL-TOP-F-023-XXL-CHA,APL-TOP-F-023,XXL,Champagne,7,0,7,30,7,30,low_stock,BLR-FC1-E09-R3,996,SUP-008,2026-06-17,2026-07-18
APL-TOP-F-024-XS-LIL,APL-TOP-F-024,XS,Lilac,16,1,15,0,6,24,in_stock,MUM-FC1-E13-R2,570,SUP-001,2026-06-13,2026-06-26
APL-TOP-F-024-S-LIL,APL-TOP-F-024,S,Lilac,47,3,44,0,12,48,in_stock,MUM-FC1-D11-R1,570,SUP-001,2026-04-25,2026-05-07
APL-TOP-F-024-M-LIL,APL-TOP-F-024,M,Lilac,6,0,6,78,19,78,low_stock,MUM-FC1-D07-R2,570,SUP-001,2026-07-12,2026-07-14
APL-TOP-F-024-L-LIL,APL-TOP-F-024,L,Lilac,52,5,47,0,18,72,in_stock,MUM-FC1-C06-R1,570,SUP-001,2026-06-09,2026-06-28
APL-TOP-F-024-XL-LIL,APL-TOP-F-024,XL,Lilac,56,0,56,0,12,48,in_stock,MUM-FC1-B16-R1,570,SUP-001,2026-05-06,2026-06-03
APL-TOP-F-024-XXL-LIL,APL-TOP-F-024,XXL,Lilac,3,0,3,0,7,30,low_stock,MUM-FC1-D05-R4,570,SUP-001,2026-04-29,2026-05-28
APL-TOP-F-024-XS-GRE,APL-TOP-F-024,XS,Grey,3,0,3,24,6,24,low_stock,MUM-FC1-D05-R2,570,SUP-001,2026-04-28,2026-07-04
APL-TOP-F-024-S-GRE,APL-TOP-F-024,S,Grey,50,2,48,0,12,48,in_stock,MUM-FC1-F05-R4,570,SUP-001,2026-07-07,2026-07-17
APL-TOP-F-024-M-GRE,APL-TOP-F-024,M,Grey,74,1,73,0,19,78,in_stock,MUM-FC1-F13-R3,570,SUP-001,2026-06-13,2026-07-03
APL-TOP-F-024-L-GRE,APL-TOP-F-024,L,Grey,88,3,85,0,18,72,in_stock,MUM-FC1-F20-R3,570,SUP-001,2026-04-23,2026-07-16
APL-TOP-F-024-XL-GRE,APL-TOP-F-024,XL,Grey,62,1,61,0,12,48,in_stock,MUM-FC1-F02-R2,570,SUP-001,2026-06-22,2026-07-04
APL-TOP-F-024-XXL-GRE,APL-TOP-F-024,XXL,Grey,20,1,19,0,7,30,in_stock,MUM-FC1-C11-R2,570,SUP-001,2026-06-08,2026-07-14
APL-TOP-F-025-XS-OAT,APL-TOP-F-025,XS,Oatmeal,29,0,29,0,6,24,in_stock,BLR-FC1-C07-R1,945,SUP-007,2026-04-27,2026-06-16
APL-TOP-F-025-S-OAT,APL-TOP-F-025,S,Oatmeal,48,2,46,0,12,48,in_stock,BLR-FC1-A18-R5,945,SUP-007,2026-07-07,2026-07-09
APL-TOP-F-025-M-OAT,APL-TOP-F-025,M,Oatmeal,64,1,63,0,19,78,in_stock,BLR-FC1-E11-R4,945,SUP-007,2026-07-04,2026-07-14
APL-TOP-F-025-L-OAT,APL-TOP-F-025,L,Oatmeal,87,4,83,0,18,72,in_stock,BLR-FC1-B02-R2,945,SUP-007,2026-05-01,2026-06-25
APL-TOP-F-025-XL-OAT,APL-TOP-F-025,XL,Oatmeal,11,1,10,0,12,48,low_stock,BLR-FC1-A01-R2,945,SUP-007,2026-04-21,2026-05-11
APL-TOP-F-025-XXL-OAT,APL-TOP-F-025,XXL,Oatmeal,29,3,26,0,7,30,in_stock,BLR-FC1-C05-R3,945,SUP-007,2026-05-05,2026-05-08
APL-TOP-F-025-XS-CHA,APL-TOP-F-025,XS,Charcoal,20,0,20,0,6,24,in_stock,BLR-FC1-F03-R4,945,SUP-007,2026-06-17,2026-07-10
APL-TOP-F-025-S-CHA,APL-TOP-F-025,S,Charcoal,30,0,30,0,12,48,in_stock,BLR-FC1-E04-R2,945,SUP-007,2026-06-24,2026-06-24
APL-TOP-F-025-M-CHA,APL-TOP-F-025,M,Charcoal,49,3,46,0,19,78,in_stock,BLR-FC1-B06-R1,945,SUP-007,2026-06-29,2026-07-12
APL-TOP-F-025-L-CHA,APL-TOP-F-025,L,Charcoal,56,2,54,0,18,72,in_stock,BLR-FC1-E12-R1,945,SUP-007,2026-06-23,2026-07-14
APL-TOP-F-025-XL-CHA,APL-TOP-F-025,XL,Charcoal,63,9,54,0,12,48,in_stock,BLR-FC1-A15-R3,945,SUP-007,2026-05-29,2026-06-18
APL-TOP-F-025-XXL-CHA,APL-TOP-F-025,XXL,Charcoal,20,0,20,0,7,30,in_stock,BLR-FC1-F20-R2,945,SUP-007,2026-06-18,2026-06-29
APL-TOP-F-026-XS-PLU,APL-TOP-F-026,XS,Plum,28,0,28,0,6,24,in_stock,BLR-FC1-A08-R5,463,SUP-003,2026-06-03,2026-07-13
APL-TOP-F-026-S-PLU,APL-TOP-F-026,S,Plum,61,0,61,0,12,48,in_stock,BLR-FC1-F10-R1,463,SUP-003,2026-05-16,2026-06-15
APL-TOP-F-026-M-PLU,APL-TOP-F-026,M,Plum,72,1,71,0,19,78,in_stock,BLR-FC1-A08-R5,463,SUP-003,2026-06-11,2026-07-04
APL-TOP-F-026-L-PLU,APL-TOP-F-026,L,Plum,69,5,64,0,18,72,in_stock,BLR-FC1-D03-R5,463,SUP-003,2026-07-01,2026-07-02
APL-TOP-F-026-XL-PLU,APL-TOP-F-026,XL,Plum,45,1,44,0,12,48,in_stock,BLR-FC1-D11-R3,463,SUP-003,2026-06-16,2026-07-03
APL-TOP-F-026-XXL-PLU,APL-TOP-F-026,XXL,Plum,7,0,7,30,7,30,low_stock,BLR-FC1-B15-R4,463,SUP-003,2026-05-30,2026-06-25
APL-TOP-F-026-XS-SKY,APL-TOP-F-026,XS,Sky,16,1,15,0,6,24,in_stock,BLR-FC1-A03-R2,463,SUP-003,2026-05-28,2026-07-12
APL-TOP-F-026-S-SKY,APL-TOP-F-026,S,Sky,0,0,0,0,12,48,out_of_stock,BLR-FC1-C05-R1,463,SUP-003,2026-05-21,2026-06-12
APL-TOP-F-026-M-SKY,APL-TOP-F-026,M,Sky,0,0,0,78,19,78,out_of_stock,BLR-FC1-B01-R4,463,SUP-003,2026-06-16,2026-07-01
APL-TOP-F-026-L-SKY,APL-TOP-F-026,L,Sky,48,0,48,0,18,72,in_stock,BLR-FC1-B05-R2,463,SUP-003,2026-06-10,2026-07-03
APL-TOP-F-026-XL-SKY,APL-TOP-F-026,XL,Sky,10,0,10,0,12,48,low_stock,BLR-FC1-A03-R2,463,SUP-003,2026-07-11,2026-07-18
APL-TOP-F-026-XXL-SKY,APL-TOP-F-026,XXL,Sky,0,0,0,0,7,30,out_of_stock,BLR-FC1-C04-R1,463,SUP-003,2026-06-18,2026-06-19
APL-BTM-F-027-XS-BLA,APL-BTM-F-027,XS,Black,0,0,0,48,12,48,out_of_stock,MUM-FC1-B12-R2,955,SUP-006,2026-05-13,2026-06-17
APL-BTM-F-027-S-BLA,APL-BTM-F-027,S,Black,20,1,19,0,24,96,low_stock,MUM-FC1-D14-R5,955,SUP-006,2026-06-20,2026-06-21
APL-BTM-F-027-M-BLA,APL-BTM-F-027,M,Black,104,10,94,0,39,156,in_stock,MUM-FC1-B18-R1,955,SUP-006,2026-06-07,2026-06-29
APL-BTM-F-027-L-BLA,APL-BTM-F-027,L,Black,141,11,130,0,36,144,in_stock,MUM-FC1-C06-R1,955,SUP-006,2026-05-30,2026-07-07
APL-BTM-F-027-XL-BLA,APL-BTM-F-027,XL,Black,74,0,74,0,24,96,in_stock,MUM-FC1-E12-R5,955,SUP-006,2026-05-19,2026-05-29
APL-BTM-F-027-XXL-BLA,APL-BTM-F-027,XXL,Black,40,4,36,0,15,60,in_stock,MUM-FC1-A08-R5,955,SUP-006,2026-06-08,2026-06-30
APL-BTM-F-027-XS-IND,APL-BTM-F-027,XS,Indigo,64,2,62,0,12,48,in_stock,MUM-FC1-F12-R5,955,SUP-006,2026-04-23,2026-06-07
APL-BTM-F-027-S-IND,APL-BTM-F-027,S,Indigo,130,3,127,0,24,96,in_stock,MUM-FC1-D18-R3,955,SUP-006,2026-05-12,2026-07-13
APL-BTM-F-027-M-IND,APL-BTM-F-027,M,Indigo,98,0,98,0,39,156,in_stock,MUM-FC1-C20-R2,955,SUP-006,2026-05-06,2026-06-18
APL-BTM-F-027-L-IND,APL-BTM-F-027,L,Indigo,168,8,160,144,36,144,in_stock,MUM-FC1-E05-R1,955,SUP-006,2026-06-26,2026-07-07
APL-BTM-F-027-XL-IND,APL-BTM-F-027,XL,Indigo,131,7,124,0,24,96,in_stock,MUM-FC1-C11-R2,955,SUP-006,2026-05-10,2026-07-04
APL-BTM-F-027-XXL-IND,APL-BTM-F-027,XXL,Indigo,74,1,73,0,15,60,in_stock,MUM-FC1-F20-R3,955,SUP-006,2026-05-18,2026-06-29
APL-BTM-F-028-XS-BLA,APL-BTM-F-028,XS,Black,28,0,28,0,6,24,in_stock,DEL-FC1-E13-R5,614,SUP-003,2026-04-24,2026-05-17
APL-BTM-F-028-S-BLA,APL-BTM-F-028,S,Black,51,1,50,0,12,48,in_stock,DEL-FC1-D05-R3,614,SUP-003,2026-04-29,2026-05-29
APL-BTM-F-028-M-BLA,APL-BTM-F-028,M,Black,68,9,59,0,19,78,in_stock,DEL-FC1-F11-R4,614,SUP-003,2026-04-21,2026-05-24
APL-BTM-F-028-L-BLA,APL-BTM-F-028,L,Black,55,6,49,0,18,72,in_stock,DEL-FC1-A13-R4,614,SUP-003,2026-06-12,2026-06-22
APL-BTM-F-028-XL-BLA,APL-BTM-F-028,XL,Black,62,5,57,0,12,48,in_stock,DEL-FC1-D19-R2,614,SUP-003,2026-05-10,2026-07-06
APL-BTM-F-028-XXL-BLA,APL-BTM-F-028,XXL,Black,19,0,19,0,7,30,in_stock,DEL-FC1-A11-R2,614,SUP-003,2026-06-07,2026-06-17
APL-BTM-F-028-XS-PLU,APL-BTM-F-028,XS,Plum,28,0,28,0,6,24,in_stock,DEL-FC1-E16-R1,614,SUP-003,2026-06-14,2026-06-24
APL-BTM-F-028-S-PLU,APL-BTM-F-028,S,Plum,6,0,6,48,12,48,low_stock,DEL-FC1-F18-R5,614,SUP-003,2026-05-23,2026-07-04
APL-BTM-F-028-M-PLU,APL-BTM-F-028,M,Plum,19,1,18,78,19,78,low_stock,DEL-FC1-A12-R1,614,SUP-003,2026-06-13,2026-06-18
APL-BTM-F-028-L-PLU,APL-BTM-F-028,L,Plum,60,1,59,72,18,72,in_stock,DEL-FC1-B10-R1,614,SUP-003,2026-06-19,2026-07-16
APL-BTM-F-028-XL-PLU,APL-BTM-F-028,XL,Plum,33,4,29,0,12,48,in_stock,DEL-FC1-F18-R4,614,SUP-003,2026-05-13,2026-06-29
APL-BTM-F-028-XXL-PLU,APL-BTM-F-028,XXL,Plum,39,1,38,0,7,30,in_stock,DEL-FC1-B09-R5,614,SUP-003,2026-04-27,2026-05-16
APL-BTM-F-029-XS-BLA,APL-BTM-F-029,XS,Black,27,3,24,0,6,24,in_stock,BLR-FC1-A13-R5,740,SUP-008,2026-06-12,2026-07-16
APL-BTM-F-029-S-BLA,APL-BTM-F-029,S,Black,55,1,54,0,12,48,in_stock,BLR-FC1-D02-R5,740,SUP-008,2026-07-02,2026-07-18
APL-BTM-F-029-M-BLA,APL-BTM-F-029,M,Black,96,1,95,0,19,78,in_stock,BLR-FC1-B06-R2,740,SUP-008,2026-05-14,2026-05-30
APL-BTM-F-029-L-BLA,APL-BTM-F-029,L,Black,45,1,44,0,18,72,in_stock,BLR-FC1-B20-R3,740,SUP-008,2026-05-30,2026-07-15
APL-BTM-F-029-XL-BLA,APL-BTM-F-029,XL,Black,63,3,60,0,12,48,in_stock,BLR-FC1-C17-R4,740,SUP-008,2026-04-21,2026-07-09
APL-BTM-F-029-XXL-BLA,APL-BTM-F-029,XXL,Black,2,0,2,0,7,30,low_stock,BLR-FC1-A04-R5,740,SUP-008,2026-05-02,2026-06-07
APL-BTM-F-029-XS-BEI,APL-BTM-F-029,XS,Beige,31,1,30,0,6,24,in_stock,BLR-FC1-E20-R4,740,SUP-008,2026-04-24,2026-05-16
APL-BTM-F-029-S-BEI,APL-BTM-F-029,S,Beige,39,4,35,48,12,48,in_stock,BLR-FC1-C08-R1,740,SUP-008,2026-06-19,2026-07-18
APL-BTM-F-029-M-BEI,APL-BTM-F-029,M,Beige,63,7,56,0,19,78,in_stock,BLR-FC1-D04-R2,740,SUP-008,2026-05-07,2026-06-14
APL-BTM-F-029-L-BEI,APL-BTM-F-029,L,Beige,99,4,95,0,18,72,in_stock,BLR-FC1-F03-R2,740,SUP-008,2026-06-15,2026-06-28
APL-BTM-F-029-XL-BEI,APL-BTM-F-029,XL,Beige,63,4,59,0,12,48,in_stock,BLR-FC1-A17-R2,740,SUP-008,2026-04-28,2026-06-06
APL-BTM-F-029-XXL-BEI,APL-BTM-F-029,XXL,Beige,35,2,33,0,7,30,in_stock,BLR-FC1-B07-R2,740,SUP-008,2026-04-27,2026-05-28
APL-BTM-F-030-XS-BLU,APL-BTM-F-030,XS,Blush Pink,55,4,51,0,12,48,in_stock,DEL-FC1-A01-R2,583,SUP-007,2026-06-06,2026-07-07
APL-BTM-F-030-S-BLU,APL-BTM-F-030,S,Blush Pink,103,9,94,0,24,96,in_stock,DEL-FC1-B09-R1,583,SUP-007,2026-05-26,2026-05-27
APL-BTM-F-030-M-BLU,APL-BTM-F-030,M,Blush Pink,141,20,121,0,39,156,in_stock,DEL-FC1-F08-R2,583,SUP-007,2026-05-24,2026-07-04
APL-BTM-F-030-L-BLU,APL-BTM-F-030,L,Blush Pink,0,0,0,0,36,144,out_of_stock,DEL-FC1-F01-R4,583,SUP-007,2026-05-06,2026-05-28
APL-BTM-F-030-XL-BLU,APL-BTM-F-030,XL,Blush Pink,0,0,0,96,24,96,out_of_stock,DEL-FC1-C09-R4,583,SUP-007,2026-06-07,2026-06-29
APL-BTM-F-030-XXL-BLU,APL-BTM-F-030,XXL,Blush Pink,58,4,54,0,15,60,in_stock,DEL-FC1-E04-R1,583,SUP-007,2026-06-24,2026-07-15
APL-BTM-F-030-XS-NAV,APL-BTM-F-030,XS,Navy,65,5,60,0,12,48,in_stock,DEL-FC1-F04-R4,583,SUP-007,2026-04-28,2026-06-10
APL-BTM-F-030-S-NAV,APL-BTM-F-030,S,Navy,133,5,128,0,24,96,in_stock,DEL-FC1-F10-R2,583,SUP-007,2026-05-09,2026-07-14
APL-BTM-F-030-M-NAV,APL-BTM-F-030,M,Navy,189,22,167,0,39,156,in_stock,DEL-FC1-F11-R2,583,SUP-007,2026-04-23,2026-07-15
APL-BTM-F-030-L-NAV,APL-BTM-F-030,L,Navy,143,8,135,0,36,144,in_stock,DEL-FC1-E19-R2,583,SUP-007,2026-06-02,2026-07-18
APL-BTM-F-030-XL-NAV,APL-BTM-F-030,XL,Navy,112,7,105,0,24,96,in_stock,DEL-FC1-C17-R3,583,SUP-007,2026-05-11,2026-06-03
APL-BTM-F-030-XXL-NAV,APL-BTM-F-030,XXL,Navy,50,5,45,0,15,60,in_stock,DEL-FC1-B11-R1,583,SUP-007,2026-05-18,2026-06-09
APL-BTM-F-031-XS-LIG,APL-BTM-F-031,XS,Light Blue,29,1,28,0,6,24,in_stock,DEL-FC1-D02-R5,528,SUP-006,2026-07-03,2026-07-05
APL-BTM-F-031-S-LIG,APL-BTM-F-031,S,Light Blue,11,0,11,48,12,48,low_stock,DEL-FC1-A05-R2,528,SUP-006,2026-05-15,2026-06-27
APL-BTM-F-031-M-LIG,APL-BTM-F-031,M,Light Blue,72,4,68,0,19,78,in_stock,DEL-FC1-F06-R1,528,SUP-006,2026-06-21,2026-07-01
APL-BTM-F-031-L-LIG,APL-BTM-F-031,L,Light Blue,79,0,79,0,18,72,in_stock,DEL-FC1-B19-R2,528,SUP-006,2026-06-21,2026-07-16
APL-BTM-F-031-XL-LIG,APL-BTM-F-031,XL,Light Blue,58,5,53,0,12,48,in_stock,DEL-FC1-D13-R1,528,SUP-006,2026-04-24,2026-07-01
APL-BTM-F-031-XXL-LIG,APL-BTM-F-031,XXL,Light Blue,3,0,3,30,7,30,low_stock,DEL-FC1-A01-R2,528,SUP-006,2026-05-18,2026-07-01
APL-BTM-F-032-XS-BLA,APL-BTM-F-032,XS,Black,9,1,8,0,5,20,in_stock,BLR-FC1-C15-R5,779,SUP-002,2026-07-05,2026-07-13
APL-BTM-F-032-S-BLA,APL-BTM-F-032,S,Black,17,0,17,0,5,20,in_stock,BLR-FC1-C07-R2,779,SUP-002,2026-06-10,2026-06-11
APL-BTM-F-032-M-BLA,APL-BTM-F-032,M,Black,1,0,1,32,8,32,low_stock,BLR-FC1-C02-R4,779,SUP-002,2026-07-10,2026-07-14
APL-BTM-F-032-L-BLA,APL-BTM-F-032,L,Black,36,0,36,0,7,30,in_stock,BLR-FC1-A02-R1,779,SUP-002,2026-06-12,2026-07-10
APL-BTM-F-032-XL-BLA,APL-BTM-F-032,XL,Black,18,0,18,0,5,20,in_stock,BLR-FC1-F01-R3,779,SUP-002,2026-06-12,2026-06-18
APL-BTM-F-032-XXL-BLA,APL-BTM-F-032,XXL,Black,14,0,14,0,5,20,in_stock,BLR-FC1-A17-R5,779,SUP-002,2026-05-05,2026-06-10
APL-BTM-F-032-XS-TAU,APL-BTM-F-032,XS,Taupe,0,0,0,20,5,20,out_of_stock,BLR-FC1-B09-R5,779,SUP-002,2026-05-15,2026-06-29
APL-BTM-F-032-S-TAU,APL-BTM-F-032,S,Taupe,4,0,4,0,5,20,low_stock,BLR-FC1-D11-R2,779,SUP-002,2026-04-20,2026-04-21
APL-BTM-F-032-M-TAU,APL-BTM-F-032,M,Taupe,36,3,33,0,8,32,in_stock,BLR-FC1-A17-R1,779,SUP-002,2026-05-02,2026-06-03
APL-BTM-F-032-L-TAU,APL-BTM-F-032,L,Taupe,33,1,32,0,7,30,in_stock,BLR-FC1-B02-R3,779,SUP-002,2026-06-05,2026-07-18
APL-BTM-F-032-XL-TAU,APL-BTM-F-032,XL,Taupe,1,0,1,20,5,20,low_stock,BLR-FC1-F06-R3,779,SUP-002,2026-06-04,2026-07-02
APL-BTM-F-032-XXL-TAU,APL-BTM-F-032,XXL,Taupe,17,0,17,0,5,20,in_stock,BLR-FC1-A13-R4,779,SUP-002,2026-06-17,2026-07-04
APL-BTM-F-033-XS-GRE,APL-BTM-F-033,XS,Grey Melange,12,0,12,0,5,20,in_stock,DEL-FC1-A06-R1,646,SUP-003,2026-06-12,2026-07-12
APL-BTM-F-033-S-GRE,APL-BTM-F-033,S,Grey Melange,24,1,23,0,5,20,in_stock,DEL-FC1-A05-R4,646,SUP-003,2026-06-21,2026-06-24
APL-BTM-F-033-M-GRE,APL-BTM-F-033,M,Grey Melange,6,0,6,0,8,32,low_stock,DEL-FC1-E19-R5,646,SUP-003,2026-05-18,2026-07-18
APL-BTM-F-033-L-GRE,APL-BTM-F-033,L,Grey Melange,34,3,31,0,7,30,in_stock,DEL-FC1-F08-R4,646,SUP-003,2026-06-03,2026-07-15
APL-BTM-F-033-XL-GRE,APL-BTM-F-033,XL,Grey Melange,22,1,21,0,5,20,in_stock,DEL-FC1-A01-R2,646,SUP-003,2026-06-23,2026-07-08
APL-BTM-F-033-XXL-GRE,APL-BTM-F-033,XXL,Grey Melange,2,0,2,20,5,20,low_stock,DEL-FC1-C02-R5,646,SUP-003,2026-05-18,2026-06-22
APL-BTM-F-033-XS-ROS,APL-BTM-F-033,XS,Rosewood,11,0,11,0,5,20,in_stock,DEL-FC1-D03-R4,646,SUP-003,2026-06-16,2026-07-06
APL-BTM-F-033-S-ROS,APL-BTM-F-033,S,Rosewood,13,0,13,0,5,20,in_stock,DEL-FC1-E18-R1,646,SUP-003,2026-05-01,2026-07-17
APL-BTM-F-033-M-ROS,APL-BTM-F-033,M,Rosewood,44,3,41,0,8,32,in_stock,DEL-FC1-D11-R3,646,SUP-003,2026-04-26,2026-05-24
APL-BTM-F-033-L-ROS,APL-BTM-F-033,L,Rosewood,38,3,35,0,7,30,in_stock,DEL-FC1-C15-R1,646,SUP-003,2026-05-02,2026-05-30
APL-BTM-F-033-XL-ROS,APL-BTM-F-033,XL,Rosewood,12,1,11,0,5,20,in_stock,DEL-FC1-C04-R1,646,SUP-003,2026-05-11,2026-07-13
APL-BTM-F-033-XXL-ROS,APL-BTM-F-033,XXL,Rosewood,8,0,8,0,5,20,in_stock,DEL-FC1-B04-R4,646,SUP-003,2026-05-17,2026-06-15
APL-BTM-F-034-XS-BLA,APL-BTM-F-034,XS,Black,6,0,6,0,5,20,in_stock,DEL-FC1-D15-R5,536,SUP-006,2026-06-23,2026-06-27
APL-BTM-F-034-S-BLA,APL-BTM-F-034,S,Black,0,0,0,20,5,20,out_of_stock,DEL-FC1-E14-R5,536,SUP-006,2026-06-20,2026-07-06
APL-BTM-F-034-M-BLA,APL-BTM-F-034,M,Black,39,1,38,0,8,32,in_stock,DEL-FC1-A13-R5,536,SUP-006,2026-07-06,2026-07-11
APL-BTM-F-034-L-BLA,APL-BTM-F-034,L,Black,30,4,26,0,7,30,in_stock,DEL-FC1-C13-R3,536,SUP-006,2026-05-27,2026-06-24
APL-BTM-F-034-XL-BLA,APL-BTM-F-034,XL,Black,24,3,21,0,5,20,in_stock,DEL-FC1-F18-R3,536,SUP-006,2026-06-29,2026-07-05
APL-BTM-F-034-XXL-BLA,APL-BTM-F-034,XXL,Black,9,0,9,0,5,20,in_stock,DEL-FC1-F06-R5,536,SUP-006,2026-06-28,2026-07-18
APL-BTM-F-034-XS-DEE,APL-BTM-F-034,XS,Deep Blue,0,0,0,20,5,20,out_of_stock,DEL-FC1-D19-R5,536,SUP-006,2026-07-14,2026-07-17
APL-BTM-F-034-S-DEE,APL-BTM-F-034,S,Deep Blue,22,2,20,0,5,20,in_stock,DEL-FC1-A17-R1,536,SUP-006,2026-04-23,2026-06-10
APL-BTM-F-034-M-DEE,APL-BTM-F-034,M,Deep Blue,23,2,21,0,8,32,in_stock,DEL-FC1-C09-R2,536,SUP-006,2026-04-27,2026-06-03
APL-BTM-F-034-L-DEE,APL-BTM-F-034,L,Deep Blue,22,1,21,0,7,30,in_stock,DEL-FC1-F18-R2,536,SUP-006,2026-07-11,2026-07-17
APL-BTM-F-034-XL-DEE,APL-BTM-F-034,XL,Deep Blue,15,0,15,0,5,20,in_stock,DEL-FC1-D13-R4,536,SUP-006,2026-05-30,2026-07-04
APL-BTM-F-034-XXL-DEE,APL-BTM-F-034,XXL,Deep Blue,8,1,7,0,5,20,in_stock,DEL-FC1-D08-R3,536,SUP-006,2026-07-04,2026-07-12
APL-ACC-M-035-FS-GOL,APL-ACC-M-035,Free Size,Gold-Green,246,25,221,0,45,180,in_stock,MUM-FC1-B17-R1,413,SUP-009,2026-06-07,2026-06-09
APL-ACC-M-035-FS-SIL,APL-ACC-M-035,Free Size,Silver-Grey,38,4,34,180,45,180,low_stock,MUM-FC1-D05-R1,413,SUP-009,2026-05-09,2026-06-19
APL-ACC-M-036-FS-MAT,APL-ACC-M-036,Free Size,Matte Black,196,16,180,0,45,180,in_stock,MUM-FC1-F11-R5,409,SUP-009,2026-05-18,2026-07-18
APL-ACC-F-037-FS-TOR,APL-ACC-F-037,Free Size,Tortoise,261,13,248,0,90,360,in_stock,MUM-FC1-F11-R3,391,SUP-009,2026-06-05,2026-06-23
APL-ACC-F-037-FS-GLO,APL-ACC-F-037,Free Size,Glossy Black,278,41,237,0,90,360,in_stock,MUM-FC1-F01-R1,391,SUP-009,2026-07-14,2026-07-16
APL-ACC-F-038-FS-ROS,APL-ACC-F-038,Free Size,Rose Gold,21,1,20,0,45,180,low_stock,MUM-FC1-A13-R3,480,SUP-009,2026-06-28,2026-07-07
APL-ACC-F-038-FS-GUN,APL-ACC-F-038,Free Size,Gunmetal,111,8,103,0,45,180,in_stock,MUM-FC1-D02-R3,480,SUP-009,2026-07-12,2026-07-13
APL-ACC-M-039-FS-BLA,APL-ACC-M-039,Free Size,Black-Red,132,0,132,0,45,180,in_stock,BLR-FC1-F07-R4,512,SUP-004,2026-05-03,2026-05-29
APL-ACC-M-039-FS-BLR,APL-ACC-M-039,Free Size,Black-Blue,227,14,213,0,45,180,in_stock,BLR-FC1-A05-R1,512,SUP-004,2026-06-17,2026-07-08
APL-ACC-F-040-FS-GLO,APL-ACC-F-040,Free Size,Glossy Black,444,15,429,0,90,360,in_stock,BLR-FC1-D15-R4,471,SUP-007,2026-06-14,2026-07-04
APL-ACC-F-040-FS-IVO,APL-ACC-F-040,Free Size,Ivory,220,21,199,0,90,360,in_stock,BLR-FC1-F19-R1,471,SUP-007,2026-04-29,2026-06-13
APL-ACC-M-041-FS-BLA,APL-ACC-M-041,Free Size,Black,0,0,0,0,18,75,out_of_stock,MUM-FC1-D13-R4,318,SUP-004,2026-07-13,2026-07-13
APL-ACC-M-041-FS-OLI,APL-ACC-M-041,Free Size,Olive,13,1,12,0,18,75,low_stock,MUM-FC1-C05-R3,318,SUP-004,2026-07-15,2026-07-17
APL-ACC-M-041-FS-STO,APL-ACC-M-041,Free Size,Stone,0,0,0,0,18,75,out_of_stock,MUM-FC1-B04-R1,318,SUP-004,2026-04-20,2026-07-02
APL-ACC-M-042-FS-BLA,APL-ACC-M-042,Free Size,Black,151,7,144,0,45,180,in_stock,BLR-FC1-F17-R2,424,SUP-003,2026-05-10,2026-06-02
APL-ACC-M-042-FS-NEO,APL-ACC-M-042,Free Size,Neon Lime,139,3,136,0,45,180,in_stock,BLR-FC1-A18-R4,424,SUP-003,2026-07-11,2026-07-12
APL-ACC-F-043-FS-NAT,APL-ACC-F-043,Free Size,Natural,136,7,129,0,45,180,in_stock,BLR-FC1-B04-R3,469,SUP-008,2026-07-08,2026-07-09
APL-ACC-F-043-FS-BLU,APL-ACC-F-043,Free Size,Blush,237,21,216,0,45,180,in_stock,BLR-FC1-E05-R5,469,SUP-008,2026-07-01,2026-07-12
APL-ACC-F-044-FS-RUS,APL-ACC-F-044,Free Size,Rust,45,4,41,0,18,75,in_stock,BLR-FC1-C05-R3,434,SUP-001,2026-06-20,2026-07-04
APL-ACC-F-044-FS-FOR,APL-ACC-F-044,Free Size,Forest Green,71,1,70,0,18,75,in_stock,BLR-FC1-A09-R2,434,SUP-001,2026-06-27,2026-07-03
APL-ACC-M-045-FS-CHA,APL-ACC-M-045,Free Size,Charcoal,212,20,192,0,45,180,in_stock,BLR-FC1-E13-R5,371,SUP-004,2026-05-17,2026-07-14
APL-ACC-M-045-FS-MUS,APL-ACC-M-045,Free Size,Mustard,113,9,104,0,45,180,in_stock,BLR-FC1-B12-R4,371,SUP-004,2026-05-18,2026-07-14
APL-ACC-M-046-S-WHI,APL-ACC-M-046,S,White,6,0,6,0,10,42,low_stock,DEL-FC1-E06-R5,252,SUP-010,2026-05-07,2026-07-03
APL-ACC-M-046-M-WHI,APL-ACC-M-046,M,White,52,6,46,0,18,72,in_stock,DEL-FC1-F16-R3,252,SUP-010,2026-04-25,2026-05-23
APL-ACC-M-046-L-WHI,APL-ACC-M-046,L,White,65,2,63,0,13,54,in_stock,DEL-FC1-E12-R4,252,SUP-010,2026-06-19,2026-07-18
APL-ACC-M-046-S-BLA,APL-ACC-M-046,S,Black,0,0,0,0,10,42,out_of_stock,DEL-FC1-C04-R5,252,SUP-010,2026-07-10,2026-07-14
APL-ACC-M-046-M-BLA,APL-ACC-M-046,M,Black,91,2,89,0,18,72,in_stock,DEL-FC1-C19-R1,252,SUP-010,2026-06-25,2026-07-03
APL-ACC-M-046-L-BLA,APL-ACC-M-046,L,Black,48,2,46,0,13,54,in_stock,DEL-FC1-D16-R5,252,SUP-010,2026-04-20,2026-06-23
APL-ACC-M-046-S-GRE,APL-ACC-M-046,S,Grey,54,4,50,0,10,42,in_stock,DEL-FC1-B06-R2,252,SUP-010,2026-06-05,2026-07-13
APL-ACC-M-046-M-GRE,APL-ACC-M-046,M,Grey,84,10,74,0,18,72,in_stock,DEL-FC1-D16-R4,252,SUP-010,2026-05-16,2026-06-05
APL-ACC-M-046-L-GRE,APL-ACC-M-046,L,Grey,60,1,59,0,13,54,in_stock,DEL-FC1-B17-R1,252,SUP-010,2026-07-02,2026-07-06
APL-ACC-F-047-S-BEI,APL-ACC-F-047,S,Beige,85,8,77,0,21,84,in_stock,BLR-FC1-F10-R1,212,SUP-010,2026-05-17,2026-06-14
APL-ACC-F-047-M-BEI,APL-ACC-F-047,M,Beige,156,5,151,0,36,144,in_stock,BLR-FC1-B19-R2,212,SUP-010,2026-07-08,2026-07-18
APL-ACC-F-047-L-BEI,APL-ACC-F-047,L,Beige,108,14,94,0,27,108,in_stock,BLR-FC1-A08-R4,212,SUP-010,2026-06-08,2026-06-16
APL-ACC-F-047-S-WHI,APL-ACC-F-047,S,White,57,4,53,0,21,84,in_stock,BLR-FC1-B20-R1,212,SUP-010,2026-05-12,2026-07-11
APL-ACC-F-047-M-WHI,APL-ACC-F-047,M,White,190,15,175,0,36,144,in_stock,BLR-FC1-A16-R2,212,SUP-010,2026-07-06,2026-07-14
APL-ACC-F-047-L-WHI,APL-ACC-F-047,L,White,136,13,123,0,27,108,in_stock,BLR-FC1-C02-R5,212,SUP-010,2026-06-13,2026-06-27
APL-ACC-F-047-S-BLA,APL-ACC-F-047,S,Black,113,5,108,0,21,84,in_stock,BLR-FC1-F19-R1,212,SUP-010,2026-06-13,2026-06-21
APL-ACC-F-047-M-BLA,APL-ACC-F-047,M,Black,115,1,114,0,36,144,in_stock,BLR-FC1-E14-R3,212,SUP-010,2026-05-14,2026-05-14
APL-ACC-F-047-L-BLA,APL-ACC-F-047,L,Black,126,2,124,108,27,108,in_stock,BLR-FC1-F07-R3,212,SUP-010,2026-06-11,2026-07-04
APL-ACC-M-048-S-BLA,APL-ACC-M-048,S,Black-Lime,67,3,64,0,21,84,in_stock,MUM-FC1-F13-R2,361,SUP-003,2026-06-11,2026-07-16
APL-ACC-M-048-M-BLA,APL-ACC-M-048,M,Black-Lime,176,14,162,0,36,144,in_stock,MUM-FC1-C19-R3,361,SUP-003,2026-06-09,2026-06-17
APL-ACC-M-048-L-BLA,APL-ACC-M-048,L,Black-Lime,138,9,129,0,27,108,in_stock,MUM-FC1-B04-R2,361,SUP-003,2026-06-24,2026-07-06
APL-ACC-M-048-S-WHI,APL-ACC-M-048,S,White-Blue,103,10,93,0,21,84,in_stock,MUM-FC1-D01-R1,361,SUP-003,2026-05-08,2026-07-07
APL-ACC-M-048-M-WHI,APL-ACC-M-048,M,White-Blue,15,0,15,0,36,144,low_stock,MUM-FC1-F13-R4,361,SUP-003,2026-07-07,2026-07-17
APL-ACC-M-048-L-WHI,APL-ACC-M-048,L,White-Blue,109,15,94,0,27,108,in_stock,MUM-FC1-F16-R4,361,SUP-003,2026-04-21,2026-05-16
APL-ACC-F-049-S-CRE,APL-ACC-F-049,S,Cream-Fair Isle,0,0,0,20,5,20,out_of_stock,MUM-FC1-E08-R5,322,SUP-010,2026-05-11,2026-05-15
APL-ACC-F-049-M-CRE,APL-ACC-F-049,M,Cream-Fair Isle,26,0,26,0,7,30,in_stock,MUM-FC1-D12-R4,322,SUP-010,2026-06-10,2026-07-17
APL-ACC-F-049-L-CRE,APL-ACC-F-049,L,Cream-Fair Isle,0,0,0,22,5,22,out_of_stock,MUM-FC1-A18-R3,322,SUP-010,2026-06-30,2026-07-18
APL-ACC-F-049-S-BER,APL-ACC-F-049,S,Berry,15,1,14,0,5,20,in_stock,MUM-FC1-D19-R1,322,SUP-010,2026-05-23,2026-06-03
APL-ACC-F-049-M-BER,APL-ACC-F-049,M,Berry,3,0,3,30,7,30,low_stock,MUM-FC1-E09-R5,322,SUP-010,2026-07-02,2026-07-10
APL-ACC-F-049-L-BER,APL-ACC-F-049,L,Berry,25,2,23,0,5,22,in_stock,MUM-FC1-D15-R5,322,SUP-010,2026-04-23,2026-06-23
APL-ACC-F-050-S-WHI,APL-ACC-F-050,S,White,103,12,91,0,21,84,in_stock,MUM-FC1-C17-R5,195,SUP-010,2026-04-21,2026-05-24
APL-ACC-F-050-M-WHI,APL-ACC-F-050,M,White,114,14,100,0,36,144,in_stock,MUM-FC1-B16-R3,195,SUP-010,2026-06-04,2026-06-17
APL-ACC-F-050-L-WHI,APL-ACC-F-050,L,White,142,14,128,0,27,108,in_stock,MUM-FC1-D07-R2,195,SUP-010,2026-05-20,2026-07-14
APL-ACC-F-050-S-BLA,APL-ACC-F-050,S,Black,68,8,60,0,21,84,in_stock,MUM-FC1-A04-R1,195,SUP-010,2026-07-15,2026-07-18
APL-ACC-F-050-M-BLA,APL-ACC-F-050,M,Black,157,0,157,0,36,144,in_stock,MUM-FC1-E11-R4,195,SUP-010,2026-07-02,2026-07-10
APL-ACC-F-050-L-BLA,APL-ACC-F-050,L,Black,107,4,103,0,27,108,in_stock,MUM-FC1-E05-R1,195,SUP-010,2026-06-26,2026-07-09
APL-ACC-F-050-S-PIN,APL-ACC-F-050,S,Pink,82,4,78,0,21,84,in_stock,MUM-FC1-B15-R1,195,SUP-010,2026-06-25,2026-07-09
APL-ACC-F-050-M-PIN,APL-ACC-F-050,M,Pink,0,0,0,144,36,144,out_of_stock,MUM-FC1-D19-R1,195,SUP-010,2026-05-31,2026-06-23
APL-ACC-F-050-L-PIN,APL-ACC-F-050,L,Pink,117,4,113,0,27,108,in_stock,MUM-FC1-E11-R3,195,SUP-010,2026-05-13,2026-07-15
APL-TOP-M-051-XS-NAV,APL-TOP-M-051,XS,Navy-White,21,1,20,0,6,24,in_stock,DEL-FC1-F08-R1,361,SUP-001,2026-05-24,2026-07-14
APL-TOP-M-051-S-NAV,APL-TOP-M-051,S,Navy-White,37,0,37,0,12,48,in_stock,DEL-FC1-B16-R1,361,SUP-001,2026-05-12,2026-07-04
APL-TOP-M-051-M-NAV,APL-TOP-M-051,M,Navy-White,77,5,72,0,19,78,in_stock,DEL-FC1-D10-R3,361,SUP-001,2026-06-30,2026-07-18
APL-TOP-M-051-L-NAV,APL-TOP-M-051,L,Navy-White,45,1,44,0,18,72,in_stock,DEL-FC1-F04-R4,361,SUP-001,2026-06-01,2026-06-17
APL-TOP-M-051-XL-NAV,APL-TOP-M-051,XL,Navy-White,42,1,41,48,12,48,in_stock,DEL-FC1-A12-R5,361,SUP-001,2026-05-15,2026-06-06
APL-TOP-M-051-XXL-NAV,APL-TOP-M-051,XXL,Navy-White,41,3,38,0,7,30,in_stock,DEL-FC1-D03-R4,361,SUP-001,2026-07-07,2026-07-11
APL-TOP-M-051-XS-OLI,APL-TOP-M-051,XS,Olive-Cream,23,2,21,0,6,24,in_stock,DEL-FC1-D20-R5,361,SUP-001,2026-06-10,2026-06-14
APL-TOP-M-051-S-OLI,APL-TOP-M-051,S,Olive-Cream,31,3,28,0,12,48,in_stock,DEL-FC1-E13-R3,361,SUP-001,2026-06-15,2026-07-08
APL-TOP-M-051-M-OLI,APL-TOP-M-051,M,Olive-Cream,93,2,91,0,19,78,in_stock,DEL-FC1-B08-R3,361,SUP-001,2026-04-30,2026-05-26
APL-TOP-M-051-L-OLI,APL-TOP-M-051,L,Olive-Cream,16,1,15,72,18,72,low_stock,DEL-FC1-D17-R1,361,SUP-001,2026-05-03,2026-06-05
APL-TOP-M-051-XL-OLI,APL-TOP-M-051,XL,Olive-Cream,52,3,49,0,12,48,in_stock,DEL-FC1-F10-R4,361,SUP-001,2026-07-09,2026-07-11
APL-TOP-M-051-XXL-OLI,APL-TOP-M-051,XXL,Olive-Cream,6,0,6,0,7,30,low_stock,DEL-FC1-D15-R5,361,SUP-001,2026-05-24,2026-06-28
APL-TOP-M-052-XS-RED,APL-TOP-M-052,XS,Red-Black Check,24,2,22,0,6,24,in_stock,MUM-FC1-D17-R5,817,SUP-004,2026-05-29,2026-06-20
APL-TOP-M-052-S-RED,APL-TOP-M-052,S,Red-Black Check,5,0,5,48,12,48,low_stock,MUM-FC1-C01-R1,817,SUP-004,2026-06-25,2026-06-29
APL-TOP-M-052-M-RED,APL-TOP-M-052,M,Red-Black Check,16,2,14,78,19,78,low_stock,MUM-FC1-A14-R3,817,SUP-004,2026-07-05,2026-07-08
APL-TOP-M-052-L-RED,APL-TOP-M-052,L,Red-Black Check,89,11,78,0,18,72,in_stock,MUM-FC1-B06-R4,817,SUP-004,2026-06-07,2026-06-21
APL-TOP-M-052-XL-RED,APL-TOP-M-052,XL,Red-Black Check,38,4,34,0,12,48,in_stock,MUM-FC1-F09-R3,817,SUP-004,2026-07-12,2026-07-17
APL-TOP-M-052-XXL-RED,APL-TOP-M-052,XXL,Red-Black Check,30,0,30,0,7,30,in_stock,MUM-FC1-A15-R5,817,SUP-004,2026-06-16,2026-07-03
APL-TOP-M-052-XS-GRE,APL-TOP-M-052,XS,Green-Navy Check,27,0,27,0,6,24,in_stock,MUM-FC1-A06-R1,817,SUP-004,2026-05-26,2026-06-12
APL-TOP-M-052-S-GRE,APL-TOP-M-052,S,Green-Navy Check,2,0,2,48,12,48,low_stock,MUM-FC1-C14-R3,817,SUP-004,2026-06-22,2026-07-03
APL-TOP-M-052-M-GRE,APL-TOP-M-052,M,Green-Navy Check,75,9,66,0,19,78,in_stock,MUM-FC1-A09-R4,817,SUP-004,2026-04-29,2026-07-07
APL-TOP-M-052-L-GRE,APL-TOP-M-052,L,Green-Navy Check,70,8,62,0,18,72,in_stock,MUM-FC1-A08-R4,817,SUP-004,2026-06-15,2026-06-30
APL-TOP-M-052-XL-GRE,APL-TOP-M-052,XL,Green-Navy Check,0,0,0,48,12,48,out_of_stock,MUM-FC1-A17-R2,817,SUP-004,2026-06-19,2026-07-01
APL-TOP-M-052-XXL-GRE,APL-TOP-M-052,XXL,Green-Navy Check,34,3,31,30,7,30,in_stock,MUM-FC1-E17-R1,817,SUP-004,2026-05-22,2026-06-21
APL-TOP-M-053-XS-WHI,APL-TOP-M-053,XS,White,6,0,6,24,6,24,low_stock,BLR-FC1-C19-R1,827,SUP-002,2026-06-09,2026-06-24
APL-TOP-M-053-S-WHI,APL-TOP-M-053,S,White,0,0,0,0,12,48,out_of_stock,BLR-FC1-D20-R2,827,SUP-002,2026-06-06,2026-06-11
APL-TOP-M-053-M-WHI,APL-TOP-M-053,M,White,62,3,59,0,19,78,in_stock,BLR-FC1-F02-R1,827,SUP-002,2026-06-04,2026-07-15
APL-TOP-M-053-L-WHI,APL-TOP-M-053,L,White,16,0,16,0,18,72,low_stock,BLR-FC1-F12-R4,827,SUP-002,2026-05-14,2026-05-16
APL-TOP-M-053-XL-WHI,APL-TOP-M-053,XL,White,1,0,1,48,12,48,low_stock,BLR-FC1-C18-R4,827,SUP-002,2026-05-14,2026-06-06
APL-TOP-M-053-XXL-WHI,APL-TOP-M-053,XXL,White,31,4,27,0,7,30,in_stock,BLR-FC1-E06-R1,827,SUP-002,2026-06-26,2026-06-30
APL-TOP-M-053-XS-SAN,APL-TOP-M-053,XS,Sand,23,1,22,0,6,24,in_stock,BLR-FC1-E13-R2,827,SUP-002,2026-04-22,2026-07-10
APL-TOP-M-053-S-SAN,APL-TOP-M-053,S,Sand,61,6,55,0,12,48,in_stock,BLR-FC1-E13-R2,827,SUP-002,2026-06-26,2026-07-17
APL-TOP-M-053-M-SAN,APL-TOP-M-053,M,Sand,77,3,74,0,19,78,in_stock,BLR-FC1-A04-R5,827,SUP-002,2026-07-13,2026-07-13
APL-TOP-M-053-L-SAN,APL-TOP-M-053,L,Sand,45,0,45,0,18,72,in_stock,BLR-FC1-B04-R1,827,SUP-002,2026-07-02,2026-07-14
APL-TOP-M-053-XL-SAN,APL-TOP-M-053,XL,Sand,54,2,52,0,12,48,in_stock,BLR-FC1-E03-R1,827,SUP-002,2026-05-16,2026-07-17
APL-TOP-M-053-XXL-SAN,APL-TOP-M-053,XXL,Sand,40,3,37,0,7,30,in_stock,BLR-FC1-F14-R3,827,SUP-002,2026-04-27,2026-07-14
APL-TOP-M-053-XS-SAG,APL-TOP-M-053,XS,Sage,0,0,0,24,6,24,out_of_stock,BLR-FC1-C03-R2,827,SUP-002,2026-06-25,2026-06-28
APL-TOP-M-053-S-SAG,APL-TOP-M-053,S,Sage,32,0,32,0,12,48,in_stock,BLR-FC1-E06-R5,827,SUP-002,2026-06-30,2026-07-13
APL-TOP-M-053-M-SAG,APL-TOP-M-053,M,Sage,93,9,84,0,19,78,in_stock,BLR-FC1-D04-R2,827,SUP-002,2026-05-13,2026-07-03
APL-TOP-M-053-L-SAG,APL-TOP-M-053,L,Sage,72,6,66,0,18,72,in_stock,BLR-FC1-C18-R3,827,SUP-002,2026-06-06,2026-07-02
APL-TOP-M-053-XL-SAG,APL-TOP-M-053,XL,Sage,58,5,53,0,12,48,in_stock,BLR-FC1-B13-R5,827,SUP-002,2026-05-22,2026-06-14
APL-TOP-M-053-XXL-SAG,APL-TOP-M-053,XXL,Sage,41,4,37,0,7,30,in_stock,BLR-FC1-E01-R5,827,SUP-002,2026-05-07,2026-06-14
APL-TOP-M-054-XS-GRE,APL-TOP-M-054,XS,Grey Melange,0,0,0,0,12,48,out_of_stock,BLR-FC1-F09-R5,820,SUP-001,2026-06-24,2026-07-11
APL-TOP-M-054-S-GRE,APL-TOP-M-054,S,Grey Melange,15,0,15,96,24,96,low_stock,BLR-FC1-C19-R2,820,SUP-001,2026-05-19,2026-06-04
APL-TOP-M-054-M-GRE,APL-TOP-M-054,M,Grey Melange,194,26,168,0,39,156,in_stock,BLR-FC1-F11-R4,820,SUP-001,2026-05-12,2026-07-13
APL-TOP-M-054-L-GRE,APL-TOP-M-054,L,Grey Melange,181,24,157,0,36,144,in_stock,BLR-FC1-C02-R5,820,SUP-001,2026-06-07,2026-06-12
APL-TOP-M-054-XL-GRE,APL-TOP-M-054,XL,Grey Melange,117,15,102,0,24,96,in_stock,BLR-FC1-A08-R5,820,SUP-001,2026-04-21,2026-07-11
APL-TOP-M-054-XXL-GRE,APL-TOP-M-054,XXL,Grey Melange,73,0,73,0,15,60,in_stock,BLR-FC1-B11-R5,820,SUP-001,2026-05-18,2026-05-27
APL-TOP-M-054-XS-FOR,APL-TOP-M-054,XS,Forest Green,30,2,28,0,12,48,in_stock,BLR-FC1-E03-R2,820,SUP-001,2026-06-14,2026-07-02
APL-TOP-M-054-S-FOR,APL-TOP-M-054,S,Forest Green,117,8,109,0,24,96,in_stock,BLR-FC1-E13-R3,820,SUP-001,2026-04-30,2026-06-20
APL-TOP-M-054-M-FOR,APL-TOP-M-054,M,Forest Green,9,0,9,156,39,156,low_stock,BLR-FC1-D19-R2,820,SUP-001,2026-06-30,2026-07-16
APL-TOP-M-054-L-FOR,APL-TOP-M-054,L,Forest Green,114,5,109,0,36,144,in_stock,BLR-FC1-A04-R4,820,SUP-001,2026-06-13,2026-07-06
APL-TOP-M-054-XL-FOR,APL-TOP-M-054,XL,Forest Green,84,0,84,0,24,96,in_stock,BLR-FC1-C20-R4,820,SUP-001,2026-07-08,2026-07-10
APL-TOP-M-054-XXL-FOR,APL-TOP-M-054,XXL,Forest Green,57,5,52,0,15,60,in_stock,BLR-FC1-F03-R1,820,SUP-001,2026-04-26,2026-05-27
APL-TOP-M-055-XS-BLA,APL-TOP-M-055,XS,Black,2,0,2,20,5,20,low_stock,DEL-FC1-F18-R2,967,SUP-002,2026-05-16,2026-06-18
APL-TOP-M-055-S-BLA,APL-TOP-M-055,S,Black,20,2,18,0,5,20,in_stock,DEL-FC1-D19-R5,967,SUP-002,2026-04-25,2026-05-27
APL-TOP-M-055-M-BLA,APL-TOP-M-055,M,Black,23,2,21,0,8,32,in_stock,DEL-FC1-F01-R1,967,SUP-002,2026-06-08,2026-06-25
APL-TOP-M-055-L-BLA,APL-TOP-M-055,L,Black,33,0,33,0,7,30,in_stock,DEL-FC1-F13-R2,967,SUP-002,2026-06-07,2026-07-09
APL-TOP-M-055-XL-BLA,APL-TOP-M-055,XL,Black,0,0,0,20,5,20,out_of_stock,DEL-FC1-E18-R1,967,SUP-002,2026-05-13,2026-06-07
APL-TOP-M-055-XXL-BLA,APL-TOP-M-055,XXL,Black,12,0,12,0,5,20,in_stock,DEL-FC1-E10-R3,967,SUP-002,2026-06-21,2026-07-03
APL-TOP-M-055-XS-CAM,APL-TOP-M-055,XS,Camel,0,0,0,20,5,20,out_of_stock,DEL-FC1-C10-R2,967,SUP-002,2026-06-23,2026-07-01
APL-TOP-M-055-S-CAM,APL-TOP-M-055,S,Camel,24,3,21,0,5,20,in_stock,DEL-FC1-A18-R3,967,SUP-002,2026-05-18,2026-05-27
APL-TOP-M-055-M-CAM,APL-TOP-M-055,M,Camel,7,0,7,0,8,32,low_stock,DEL-FC1-F08-R4,967,SUP-002,2026-05-20,2026-06-25
APL-TOP-M-055-L-CAM,APL-TOP-M-055,L,Camel,21,1,20,0,7,30,in_stock,DEL-FC1-B05-R5,967,SUP-002,2026-06-28,2026-07-04
APL-TOP-M-055-XL-CAM,APL-TOP-M-055,XL,Camel,25,1,24,0,5,20,in_stock,DEL-FC1-B19-R2,967,SUP-002,2026-05-30,2026-06-03
APL-TOP-M-055-XXL-CAM,APL-TOP-M-055,XXL,Camel,2,0,2,20,5,20,low_stock,DEL-FC1-A11-R4,967,SUP-002,2026-06-11,2026-06-30
APL-TOP-M-056-XS-MID,APL-TOP-M-056,XS,Mid-Blue,32,0,32,0,6,24,in_stock,MUM-FC1-E20-R3,1616,SUP-006,2026-07-06,2026-07-15
APL-TOP-M-056-S-MID,APL-TOP-M-056,S,Mid-Blue,52,0,52,0,12,48,in_stock,MUM-FC1-D05-R5,1616,SUP-006,2026-07-06,2026-07-13
APL-TOP-M-056-M-MID,APL-TOP-M-056,M,Mid-Blue,91,6,85,0,19,78,in_stock,MUM-FC1-B08-R1,1616,SUP-006,2026-06-11,2026-06-11
APL-TOP-M-056-L-MID,APL-TOP-M-056,L,Mid-Blue,96,9,87,0,18,72,in_stock,MUM-FC1-B03-R2,1616,SUP-006,2026-06-15,2026-07-16
APL-TOP-M-056-XL-MID,APL-TOP-M-056,XL,Mid-Blue,55,3,52,0,12,48,in_stock,MUM-FC1-E13-R3,1616,SUP-006,2026-06-09,2026-07-18
APL-TOP-M-056-XXL-MID,APL-TOP-M-056,XXL,Mid-Blue,40,3,37,0,7,30,in_stock,MUM-FC1-A17-R1,1616,SUP-006,2026-06-16,2026-07-15
APL-TOP-M-056-XS-WAS,APL-TOP-M-056,XS,Washed Black,0,0,0,0,6,24,out_of_stock,MUM-FC1-E18-R4,1616,SUP-006,2026-04-25,2026-07-05
APL-TOP-M-056-S-WAS,APL-TOP-M-056,S,Washed Black,43,1,42,0,12,48,in_stock,MUM-FC1-C10-R4,1616,SUP-006,2026-05-11,2026-07-04
APL-TOP-M-056-M-WAS,APL-TOP-M-056,M,Washed Black,65,8,57,0,19,78,in_stock,MUM-FC1-F15-R1,1616,SUP-006,2026-06-23,2026-06-26
APL-TOP-M-056-L-WAS,APL-TOP-M-056,L,Washed Black,53,4,49,0,18,72,in_stock,MUM-FC1-C15-R1,1616,SUP-006,2026-05-12,2026-07-09
APL-TOP-M-056-XL-WAS,APL-TOP-M-056,XL,Washed Black,51,3,48,0,12,48,in_stock,MUM-FC1-F06-R1,1616,SUP-006,2026-05-01,2026-05-15
APL-TOP-M-056-XXL-WAS,APL-TOP-M-056,XXL,Washed Black,6,0,6,0,7,30,low_stock,MUM-FC1-E20-R2,1616,SUP-006,2026-06-07,2026-07-12
APL-TOP-M-057-XS-BLA,APL-TOP-M-057,XS,Black,2,0,2,0,6,24,low_stock,DEL-FC1-D10-R3,1276,SUP-001,2026-06-16,2026-07-04
APL-TOP-M-057-S-BLA,APL-TOP-M-057,S,Black,4,0,4,0,12,48,low_stock,DEL-FC1-A15-R4,1276,SUP-001,2026-06-22,2026-07-09
APL-TOP-M-057-M-BLA,APL-TOP-M-057,M,Black,97,3,94,0,19,78,in_stock,DEL-FC1-D14-R4,1276,SUP-001,2026-04-30,2026-07-15
APL-TOP-M-057-L-BLA,APL-TOP-M-057,L,Black,77,7,70,0,18,72,in_stock,DEL-FC1-B02-R2,1276,SUP-001,2026-05-08,2026-05-15
APL-TOP-M-057-XL-BLA,APL-TOP-M-057,XL,Black,0,0,0,0,12,48,out_of_stock,DEL-FC1-F19-R5,1276,SUP-001,2026-05-28,2026-06-18
APL-TOP-M-057-XXL-BLA,APL-TOP-M-057,XXL,Black,0,0,0,30,7,30,out_of_stock,DEL-FC1-B06-R3,1276,SUP-001,2026-07-07,2026-07-17
APL-TOP-M-057-XS-OLI,APL-TOP-M-057,XS,Olive,27,0,27,0,6,24,in_stock,DEL-FC1-E12-R1,1276,SUP-001,2026-05-01,2026-06-08
APL-TOP-M-057-S-OLI,APL-TOP-M-057,S,Olive,41,4,37,0,12,48,in_stock,DEL-FC1-A10-R4,1276,SUP-001,2026-05-07,2026-05-22
APL-TOP-M-057-M-OLI,APL-TOP-M-057,M,Olive,90,7,83,0,19,78,in_stock,DEL-FC1-E02-R1,1276,SUP-001,2026-07-02,2026-07-18
APL-TOP-M-057-L-OLI,APL-TOP-M-057,L,Olive,100,14,86,0,18,72,in_stock,DEL-FC1-C14-R5,1276,SUP-001,2026-05-30,2026-06-15
APL-TOP-M-057-XL-OLI,APL-TOP-M-057,XL,Olive,48,0,48,0,12,48,in_stock,DEL-FC1-E16-R4,1276,SUP-001,2026-05-13,2026-06-11
APL-TOP-M-057-XXL-OLI,APL-TOP-M-057,XXL,Olive,1,0,1,0,7,30,low_stock,DEL-FC1-F07-R5,1276,SUP-001,2026-06-12,2026-07-08
APL-TOP-M-058-XS-WHI,APL-TOP-M-058,XS,White,36,1,35,0,12,48,in_stock,MUM-FC1-C17-R5,263,SUP-003,2026-05-31,2026-05-31
APL-TOP-M-058-S-WHI,APL-TOP-M-058,S,White,66,5,61,0,24,96,in_stock,MUM-FC1-B07-R3,263,SUP-003,2026-06-02,2026-07-15
APL-TOP-M-058-M-WHI,APL-TOP-M-058,M,White,9,0,9,0,39,156,low_stock,MUM-FC1-E11-R4,263,SUP-003,2026-06-11,2026-06-14
APL-TOP-M-058-L-WHI,APL-TOP-M-058,L,White,182,8,174,0,36,144,in_stock,MUM-FC1-B19-R3,263,SUP-003,2026-06-04,2026-06-08
APL-TOP-M-058-XL-WHI,APL-TOP-M-058,XL,White,13,1,12,0,24,96,low_stock,MUM-FC1-E20-R4,263,SUP-003,2026-05-13,2026-05-27
APL-TOP-M-058-XXL-WHI,APL-TOP-M-058,XXL,White,77,3,74,60,15,60,in_stock,MUM-FC1-D03-R4,263,SUP-003,2026-05-20,2026-06-12
APL-TOP-M-058-XS-BLA,APL-TOP-M-058,XS,Black,46,2,44,0,12,48,in_stock,MUM-FC1-A07-R1,263,SUP-003,2026-06-15,2026-07-17
APL-TOP-M-058-S-BLA,APL-TOP-M-058,S,Black,59,1,58,0,24,96,in_stock,MUM-FC1-F17-R3,263,SUP-003,2026-05-31,2026-06-09
APL-TOP-M-058-M-BLA,APL-TOP-M-058,M,Black,189,14,175,0,39,156,in_stock,MUM-FC1-B02-R4,263,SUP-003,2026-06-08,2026-07-11
APL-TOP-M-058-L-BLA,APL-TOP-M-058,L,Black,6,0,6,0,36,144,low_stock,MUM-FC1-A17-R3,263,SUP-003,2026-04-22,2026-07-04
APL-TOP-M-058-XL-BLA,APL-TOP-M-058,XL,Black,115,3,112,0,24,96,in_stock,MUM-FC1-E11-R4,263,SUP-003,2026-07-14,2026-07-14
APL-TOP-M-058-XXL-BLA,APL-TOP-M-058,XXL,Black,10,0,10,60,15,60,low_stock,MUM-FC1-E12-R5,263,SUP-003,2026-05-30,2026-06-16
APL-TOP-M-059-XS-MAR,APL-TOP-M-059,XS,Maroon,50,6,44,0,12,48,in_stock,DEL-FC1-A05-R1,1149,SUP-005,2026-06-19,2026-07-17
APL-TOP-M-059-S-MAR,APL-TOP-M-059,S,Maroon,14,0,14,0,24,96,low_stock,DEL-FC1-E15-R5,1149,SUP-005,2026-06-04,2026-06-23
APL-TOP-M-059-M-MAR,APL-TOP-M-059,M,Maroon,135,16,119,0,39,156,in_stock,DEL-FC1-D19-R2,1149,SUP-005,2026-05-01,2026-06-29
APL-TOP-M-059-L-MAR,APL-TOP-M-059,L,Maroon,97,11,86,0,36,144,in_stock,DEL-FC1-B05-R5,1149,SUP-005,2026-05-23,2026-06-15
APL-TOP-M-059-XL-MAR,APL-TOP-M-059,XL,Maroon,87,10,77,0,24,96,in_stock,DEL-FC1-D16-R1,1149,SUP-005,2026-04-28,2026-06-27
APL-TOP-M-059-XXL-MAR,APL-TOP-M-059,XXL,Maroon,41,1,40,0,15,60,in_stock,DEL-FC1-E05-R5,1149,SUP-005,2026-05-03,2026-06-23
APL-TOP-M-059-XS-IVO,APL-TOP-M-059,XS,Ivory,60,5,55,0,12,48,in_stock,DEL-FC1-E15-R4,1149,SUP-005,2026-07-04,2026-07-10
APL-TOP-M-059-S-IVO,APL-TOP-M-059,S,Ivory,16,0,16,96,24,96,low_stock,DEL-FC1-F19-R4,1149,SUP-005,2026-06-14,2026-07-05
APL-TOP-M-059-M-IVO,APL-TOP-M-059,M,Ivory,161,1,160,0,39,156,in_stock,DEL-FC1-E16-R1,1149,SUP-005,2026-07-04,2026-07-13
APL-TOP-M-059-L-IVO,APL-TOP-M-059,L,Ivory,139,3,136,0,36,144,in_stock,DEL-FC1-A20-R1,1149,SUP-005,2026-07-05,2026-07-17
APL-TOP-M-059-XL-IVO,APL-TOP-M-059,XL,Ivory,120,1,119,0,24,96,in_stock,DEL-FC1-B19-R1,1149,SUP-005,2026-05-08,2026-05-27
APL-TOP-M-059-XXL-IVO,APL-TOP-M-059,XXL,Ivory,57,3,54,0,15,60,in_stock,DEL-FC1-C10-R5,1149,SUP-005,2026-07-15,2026-07-17
APL-TOP-M-059-XS-CHA,APL-TOP-M-059,XS,Charcoal,64,8,56,0,12,48,in_stock,DEL-FC1-E01-R5,1149,SUP-005,2026-06-24,2026-07-06
APL-TOP-M-059-S-CHA,APL-TOP-M-059,S,Charcoal,18,2,16,96,24,96,low_stock,DEL-FC1-E12-R1,1149,SUP-005,2026-05-26,2026-05-27
APL-TOP-M-059-M-CHA,APL-TOP-M-059,M,Charcoal,122,5,117,0,39,156,in_stock,DEL-FC1-D14-R5,1149,SUP-005,2026-05-17,2026-06-28
APL-TOP-M-059-L-CHA,APL-TOP-M-059,L,Charcoal,106,13,93,0,36,144,in_stock,DEL-FC1-D05-R3,1149,SUP-005,2026-07-14,2026-07-15
APL-TOP-M-059-XL-CHA,APL-TOP-M-059,XL,Charcoal,24,3,21,0,24,96,low_stock,DEL-FC1-B03-R2,1149,SUP-005,2026-07-11,2026-07-17
APL-TOP-M-059-XXL-CHA,APL-TOP-M-059,XXL,Charcoal,77,10,67,0,15,60,in_stock,DEL-FC1-D17-R4,1149,SUP-005,2026-06-29,2026-07-13
APL-BTM-M-060-XS-WAS,APL-BTM-M-060,XS,Washed Blue,26,0,26,0,6,24,in_stock,DEL-FC1-D18-R5,836,SUP-006,2026-06-05,2026-06-07
APL-BTM-M-060-S-WAS,APL-BTM-M-060,S,Washed Blue,66,1,65,0,12,48,in_stock,DEL-FC1-F03-R2,836,SUP-006,2026-06-26,2026-07-04
APL-BTM-M-060-M-WAS,APL-BTM-M-060,M,Washed Blue,75,0,75,0,19,78,in_stock,DEL-FC1-F03-R5,836,SUP-006,2026-07-03,2026-07-12
APL-BTM-M-060-L-WAS,APL-BTM-M-060,L,Washed Blue,78,0,78,0,18,72,in_stock,DEL-FC1-D19-R3,836,SUP-006,2026-06-12,2026-07-04
APL-BTM-M-060-XL-WAS,APL-BTM-M-060,XL,Washed Blue,65,0,65,0,12,48,in_stock,DEL-FC1-F10-R5,836,SUP-006,2026-05-23,2026-05-26
APL-BTM-M-060-XXL-WAS,APL-BTM-M-060,XXL,Washed Blue,33,3,30,0,7,30,in_stock,DEL-FC1-F20-R1,836,SUP-006,2026-05-26,2026-06-26
APL-BTM-M-060-XS-GRE,APL-BTM-M-060,XS,Grey,15,0,15,0,6,24,in_stock,DEL-FC1-C09-R3,836,SUP-006,2026-04-21,2026-05-05
APL-BTM-M-060-S-GRE,APL-BTM-M-060,S,Grey,51,5,46,0,12,48,in_stock,DEL-FC1-B09-R2,836,SUP-006,2026-06-21,2026-06-26
APL-BTM-M-060-M-GRE,APL-BTM-M-060,M,Grey,96,1,95,0,19,78,in_stock,DEL-FC1-B16-R4,836,SUP-006,2026-06-08,2026-06-23
APL-BTM-M-060-L-GRE,APL-BTM-M-060,L,Grey,81,7,74,0,18,72,in_stock,DEL-FC1-A09-R1,836,SUP-006,2026-04-26,2026-05-17
APL-BTM-M-060-XL-GRE,APL-BTM-M-060,XL,Grey,46,6,40,0,12,48,in_stock,DEL-FC1-B13-R4,836,SUP-006,2026-06-19,2026-06-27
APL-BTM-M-060-XXL-GRE,APL-BTM-M-060,XXL,Grey,7,0,7,0,7,30,low_stock,DEL-FC1-E02-R1,836,SUP-006,2026-06-27,2026-07-17
APL-BTM-M-061-XS-STO,APL-BTM-M-061,XS,Stone,32,1,31,0,6,24,in_stock,MUM-FC1-F19-R4,942,SUP-002,2026-06-18,2026-07-12
APL-BTM-M-061-S-STO,APL-BTM-M-061,S,Stone,54,6,48,0,12,48,in_stock,MUM-FC1-F06-R3,942,SUP-002,2026-06-29,2026-06-29
APL-BTM-M-061-M-STO,APL-BTM-M-061,M,Stone,4,0,4,0,19,78,low_stock,MUM-FC1-C08-R3,942,SUP-002,2026-05-22,2026-06-03
APL-BTM-M-061-L-STO,APL-BTM-M-061,L,Stone,7,0,7,0,18,72,low_stock,MUM-FC1-F04-R1,942,SUP-002,2026-07-06,2026-07-08
APL-BTM-M-061-XL-STO,APL-BTM-M-061,XL,Stone,43,5,38,0,12,48,in_stock,MUM-FC1-A06-R3,942,SUP-002,2026-05-27,2026-06-25
APL-BTM-M-061-XXL-STO,APL-BTM-M-061,XXL,Stone,0,0,0,30,7,30,out_of_stock,MUM-FC1-C14-R3,942,SUP-002,2026-05-22,2026-06-01
APL-BTM-M-061-XS-CHA,APL-BTM-M-061,XS,Charcoal,4,0,4,24,6,24,low_stock,MUM-FC1-C06-R4,942,SUP-002,2026-04-28,2026-06-29
APL-BTM-M-061-S-CHA,APL-BTM-M-061,S,Charcoal,66,6,60,0,12,48,in_stock,MUM-FC1-E14-R2,942,SUP-002,2026-07-07,2026-07-17
APL-BTM-M-061-M-CHA,APL-BTM-M-061,M,Charcoal,53,0,53,0,19,78,in_stock,MUM-FC1-F09-R4,942,SUP-002,2026-04-22,2026-06-24
APL-BTM-M-061-L-CHA,APL-BTM-M-061,L,Charcoal,51,5,46,0,18,72,in_stock,MUM-FC1-F11-R4,942,SUP-002,2026-07-02,2026-07-02
APL-BTM-M-061-XL-CHA,APL-BTM-M-061,XL,Charcoal,48,3,45,0,12,48,in_stock,MUM-FC1-A18-R2,942,SUP-002,2026-04-20,2026-06-08
APL-BTM-M-061-XXL-CHA,APL-BTM-M-061,XXL,Charcoal,40,3,37,0,7,30,in_stock,MUM-FC1-C11-R3,942,SUP-002,2026-06-10,2026-06-13
APL-BTM-M-062-XS-BEI,APL-BTM-M-062,XS,Beige,21,2,19,0,6,24,in_stock,BLR-FC1-C07-R2,814,SUP-002,2026-06-29,2026-06-30
APL-BTM-M-062-S-BEI,APL-BTM-M-062,S,Beige,65,3,62,0,12,48,in_stock,BLR-FC1-F12-R4,814,SUP-002,2026-04-30,2026-06-25
APL-BTM-M-062-M-BEI,APL-BTM-M-062,M,Beige,92,9,83,0,19,78,in_stock,BLR-FC1-D13-R1,814,SUP-002,2026-06-28,2026-07-18
APL-BTM-M-062-L-BEI,APL-BTM-M-062,L,Beige,60,4,56,0,18,72,in_stock,BLR-FC1-A11-R1,814,SUP-002,2026-06-02,2026-07-18
APL-BTM-M-062-XL-BEI,APL-BTM-M-062,XL,Beige,30,3,27,0,12,48,in_stock,BLR-FC1-F18-R2,814,SUP-002,2026-07-03,2026-07-10
APL-BTM-M-062-XXL-BEI,APL-BTM-M-062,XXL,Beige,0,0,0,30,7,30,out_of_stock,BLR-FC1-F01-R4,814,SUP-002,2026-07-08,2026-07-08
APL-BTM-M-062-XS-WHI,APL-BTM-M-062,XS,White,6,0,6,24,6,24,low_stock,BLR-FC1-A15-R5,814,SUP-002,2026-05-11,2026-05-19
APL-BTM-M-062-S-WHI,APL-BTM-M-062,S,White,60,7,53,0,12,48,in_stock,BLR-FC1-B14-R3,814,SUP-002,2026-07-15,2026-07-18
APL-BTM-M-062-M-WHI,APL-BTM-M-062,M,White,67,1,66,0,19,78,in_stock,BLR-FC1-B02-R5,814,SUP-002,2026-05-12,2026-06-23
APL-BTM-M-062-L-WHI,APL-BTM-M-062,L,White,46,1,45,0,18,72,in_stock,BLR-FC1-B15-R2,814,SUP-002,2026-07-03,2026-07-04
APL-BTM-M-062-XL-WHI,APL-BTM-M-062,XL,White,33,1,32,0,12,48,in_stock,BLR-FC1-D03-R1,814,SUP-002,2026-04-20,2026-05-12
APL-BTM-M-062-XXL-WHI,APL-BTM-M-062,XXL,White,40,1,39,0,7,30,in_stock,BLR-FC1-D05-R2,814,SUP-002,2026-05-08,2026-06-11
APL-BTM-M-063-XS-BLA,APL-BTM-M-063,XS,Black,0,0,0,24,6,24,out_of_stock,BLR-FC1-D20-R1,360,SUP-003,2026-07-09,2026-07-13
APL-BTM-M-063-S-BLA,APL-BTM-M-063,S,Black,0,0,0,48,12,48,out_of_stock,BLR-FC1-A17-R1,360,SUP-003,2026-07-08,2026-07-13
APL-BTM-M-063-M-BLA,APL-BTM-M-063,M,Black,100,6,94,0,19,78,in_stock,BLR-FC1-B09-R1,360,SUP-003,2026-05-14,2026-05-28
APL-BTM-M-063-L-BLA,APL-BTM-M-063,L,Black,89,6,83,0,18,72,in_stock,BLR-FC1-F02-R1,360,SUP-003,2026-07-11,2026-07-16
APL-BTM-M-063-XL-BLA,APL-BTM-M-063,XL,Black,39,4,35,0,12,48,in_stock,BLR-FC1-A04-R1,360,SUP-003,2026-06-27,2026-07-02
APL-BTM-M-063-XXL-BLA,APL-BTM-M-063,XXL,Black,0,0,0,30,7,30,out_of_stock,BLR-FC1-A08-R4,360,SUP-003,2026-07-04,2026-07-13
APL-BTM-M-063-XS-COB,APL-BTM-M-063,XS,Cobalt,20,0,20,0,6,24,in_stock,BLR-FC1-C08-R1,360,SUP-003,2026-05-20,2026-07-06
APL-BTM-M-063-S-COB,APL-BTM-M-063,S,Cobalt,44,0,44,0,12,48,in_stock,BLR-FC1-A14-R2,360,SUP-003,2026-05-17,2026-07-15
APL-BTM-M-063-M-COB,APL-BTM-M-063,M,Cobalt,84,5,79,0,19,78,in_stock,BLR-FC1-C09-R2,360,SUP-003,2026-06-01,2026-06-09
APL-BTM-M-063-L-COB,APL-BTM-M-063,L,Cobalt,45,0,45,0,18,72,in_stock,BLR-FC1-D06-R3,360,SUP-003,2026-05-18,2026-07-13
APL-BTM-M-063-XL-COB,APL-BTM-M-063,XL,Cobalt,40,5,35,0,12,48,in_stock,BLR-FC1-E18-R2,360,SUP-003,2026-05-01,2026-06-22
APL-BTM-M-063-XXL-COB,APL-BTM-M-063,XXL,Cobalt,38,3,35,0,7,30,in_stock,BLR-FC1-C01-R4,360,SUP-003,2026-05-21,2026-06-05
APL-BTM-M-064-XS-NAV,APL-BTM-M-064,XS,Navy,32,2,30,24,6,24,in_stock,MUM-FC1-D17-R1,478,SUP-004,2026-06-13,2026-07-16
APL-BTM-M-064-S-NAV,APL-BTM-M-064,S,Navy,43,0,43,0,12,48,in_stock,MUM-FC1-A18-R1,478,SUP-004,2026-06-11,2026-06-24
APL-BTM-M-064-M-NAV,APL-BTM-M-064,M,Navy,55,0,55,0,19,78,in_stock,MUM-FC1-C06-R4,478,SUP-004,2026-07-02,2026-07-02
APL-BTM-M-064-L-NAV,APL-BTM-M-064,L,Navy,13,0,13,0,18,72,low_stock,MUM-FC1-F15-R1,478,SUP-004,2026-07-09,2026-07-10
APL-BTM-M-064-XL-NAV,APL-BTM-M-064,XL,Navy,43,1,42,0,12,48,in_stock,MUM-FC1-F20-R5,478,SUP-004,2026-07-02,2026-07-08
APL-BTM-M-064-XXL-NAV,APL-BTM-M-064,XXL,Navy,0,0,0,0,7,30,out_of_stock,MUM-FC1-F02-R5,478,SUP-004,2026-07-15,2026-07-17
APL-BTM-M-064-XS-KHA,APL-BTM-M-064,XS,Khaki,31,2,29,0,6,24,in_stock,MUM-FC1-B18-R1,478,SUP-004,2026-06-30,2026-07-06
APL-BTM-M-064-S-KHA,APL-BTM-M-064,S,Khaki,34,3,31,0,12,48,in_stock,MUM-FC1-E07-R2,478,SUP-004,2026-05-31,2026-06-22
APL-BTM-M-064-M-KHA,APL-BTM-M-064,M,Khaki,102,0,102,0,19,78,in_stock,MUM-FC1-D16-R5,478,SUP-004,2026-06-26,2026-06-29
APL-BTM-M-064-L-KHA,APL-BTM-M-064,L,Khaki,70,9,61,0,18,72,in_stock,MUM-FC1-C03-R2,478,SUP-004,2026-06-17,2026-06-22
APL-BTM-M-064-XL-KHA,APL-BTM-M-064,XL,Khaki,31,4,27,0,12,48,in_stock,MUM-FC1-C04-R2,478,SUP-004,2026-06-22,2026-06-26
APL-BTM-M-064-XXL-KHA,APL-BTM-M-064,XXL,Khaki,38,1,37,0,7,30,in_stock,MUM-FC1-E05-R4,478,SUP-004,2026-06-03,2026-06-29
APL-BTM-M-064-XS-COR,APL-BTM-M-064,XS,Coral,22,0,22,0,6,24,in_stock,MUM-FC1-B17-R3,478,SUP-004,2026-06-11,2026-07-18
APL-BTM-M-064-S-COR,APL-BTM-M-064,S,Coral,41,3,38,0,12,48,in_stock,MUM-FC1-E15-R4,478,SUP-004,2026-05-28,2026-07-03
APL-BTM-M-064-M-COR,APL-BTM-M-064,M,Coral,55,2,53,0,19,78,in_stock,MUM-FC1-C02-R2,478,SUP-004,2026-06-04,2026-06-22
APL-BTM-M-064-L-COR,APL-BTM-M-064,L,Coral,69,7,62,0,18,72,in_stock,MUM-FC1-B05-R2,478,SUP-004,2026-05-20,2026-05-27
APL-BTM-M-064-XL-COR,APL-BTM-M-064,XL,Coral,5,0,5,48,12,48,low_stock,MUM-FC1-F02-R3,478,SUP-004,2026-06-03,2026-06-12
APL-BTM-M-064-XXL-COR,APL-BTM-M-064,XXL,Coral,26,1,25,0,7,30,in_stock,MUM-FC1-D16-R2,478,SUP-004,2026-06-17,2026-07-07
APL-BTM-M-065-XS-OLI,APL-BTM-M-065,XS,Olive,66,4,62,0,12,48,in_stock,MUM-FC1-E05-R5,1089,SUP-004,2026-06-15,2026-07-06
APL-BTM-M-065-S-OLI,APL-BTM-M-065,S,Olive,110,2,108,0,24,96,in_stock,MUM-FC1-C01-R4,1089,SUP-004,2026-07-08,2026-07-11
APL-BTM-M-065-M-OLI,APL-BTM-M-065,M,Olive,13,1,12,156,39,156,low_stock,MUM-FC1-C07-R1,1089,SUP-004,2026-04-30,2026-07-07
APL-BTM-M-065-L-OLI,APL-BTM-M-065,L,Olive,184,26,158,0,36,144,in_stock,MUM-FC1-D11-R5,1089,SUP-004,2026-07-06,2026-07-14
APL-BTM-M-065-XL-OLI,APL-BTM-M-065,XL,Olive,130,2,128,0,24,96,in_stock,MUM-FC1-C13-R3,1089,SUP-004,2026-04-21,2026-05-27
APL-BTM-M-065-XXL-OLI,APL-BTM-M-065,XXL,Olive,52,4,48,0,15,60,in_stock,MUM-FC1-D14-R4,1089,SUP-004,2026-05-26,2026-06-05
APL-BTM-M-065-XS-BLA,APL-BTM-M-065,XS,Black,59,7,52,0,12,48,in_stock,MUM-FC1-E20-R1,1089,SUP-004,2026-05-08,2026-06-03
APL-BTM-M-065-S-BLA,APL-BTM-M-065,S,Black,80,4,76,0,24,96,in_stock,MUM-FC1-E13-R1,1089,SUP-004,2026-04-20,2026-06-11
APL-BTM-M-065-M-BLA,APL-BTM-M-065,M,Black,173,11,162,0,39,156,in_stock,MUM-FC1-B07-R2,1089,SUP-004,2026-06-07,2026-06-25
APL-BTM-M-065-L-BLA,APL-BTM-M-065,L,Black,0,0,0,0,36,144,out_of_stock,MUM-FC1-E10-R4,1089,SUP-004,2026-06-30,2026-07-14
APL-BTM-M-065-XL-BLA,APL-BTM-M-065,XL,Black,10,1,9,0,24,96,low_stock,MUM-FC1-D04-R3,1089,SUP-004,2026-06-12,2026-06-23
APL-BTM-M-065-XXL-BLA,APL-BTM-M-065,XXL,Black,59,1,58,0,15,60,in_stock,MUM-FC1-A20-R3,1089,SUP-004,2026-07-03,2026-07-18
APL-BTM-M-066-XS-GRE,APL-BTM-M-066,XS,Grey Melange,27,1,26,0,6,24,in_stock,MUM-FC1-A09-R2,316,SUP-005,2026-07-03,2026-07-04
APL-BTM-M-066-S-GRE,APL-BTM-M-066,S,Grey Melange,34,1,33,0,12,48,in_stock,MUM-FC1-C14-R3,316,SUP-005,2026-04-26,2026-06-02
APL-BTM-M-066-M-GRE,APL-BTM-M-066,M,Grey Melange,7,0,7,78,19,78,low_stock,MUM-FC1-A20-R2,316,SUP-005,2026-06-28,2026-07-08
APL-BTM-M-066-L-GRE,APL-BTM-M-066,L,Grey Melange,93,4,89,0,18,72,in_stock,MUM-FC1-F12-R1,316,SUP-005,2026-06-27,2026-07-15
APL-BTM-M-066-XL-GRE,APL-BTM-M-066,XL,Grey Melange,5,0,5,48,12,48,low_stock,MUM-FC1-C06-R1,316,SUP-005,2026-05-17,2026-05-26
APL-BTM-M-066-XXL-GRE,APL-BTM-M-066,XXL,Grey Melange,30,2,28,0,7,30,in_stock,MUM-FC1-E18-R5,316,SUP-005,2026-05-04,2026-06-26
APL-BTM-M-066-XS-NAV,APL-BTM-M-066,XS,Navy,0,0,0,0,6,24,out_of_stock,MUM-FC1-A16-R3,316,SUP-005,2026-05-29,2026-07-12
APL-BTM-M-066-S-NAV,APL-BTM-M-066,S,Navy,42,3,39,0,12,48,in_stock,MUM-FC1-C06-R3,316,SUP-005,2026-04-23,2026-05-08
APL-BTM-M-066-M-NAV,APL-BTM-M-066,M,Navy,8,0,8,78,19,78,low_stock,MUM-FC1-A14-R1,316,SUP-005,2026-04-29,2026-05-01
APL-BTM-M-066-L-NAV,APL-BTM-M-066,L,Navy,4,0,4,0,18,72,low_stock,MUM-FC1-E02-R4,316,SUP-005,2026-05-05,2026-06-06
APL-BTM-M-066-XL-NAV,APL-BTM-M-066,XL,Navy,2,0,2,0,12,48,low_stock,MUM-FC1-B19-R2,316,SUP-005,2026-05-13,2026-06-26
APL-BTM-M-066-XXL-NAV,APL-BTM-M-066,XXL,Navy,18,0,18,0,7,30,in_stock,MUM-FC1-C06-R5,316,SUP-005,2026-07-07,2026-07-10
APL-BTM-M-067-XS-RUS,APL-BTM-M-067,XS,Rust,29,4,25,0,6,24,in_stock,MUM-FC1-E01-R1,705,SUP-001,2026-05-17,2026-07-14
APL-BTM-M-067-S-RUS,APL-BTM-M-067,S,Rust,48,4,44,0,12,48,in_stock,MUM-FC1-A06-R3,705,SUP-001,2026-06-07,2026-07-04
APL-BTM-M-067-M-RUS,APL-BTM-M-067,M,Rust,11,0,11,78,19,78,low_stock,MUM-FC1-B16-R3,705,SUP-001,2026-05-26,2026-06-30
APL-BTM-M-067-L-RUS,APL-BTM-M-067,L,Rust,84,4,80,0,18,72,in_stock,MUM-FC1-F10-R4,705,SUP-001,2026-05-18,2026-06-22
APL-BTM-M-067-XL-RUS,APL-BTM-M-067,XL,Rust,44,5,39,0,12,48,in_stock,MUM-FC1-D12-R2,705,SUP-001,2026-04-21,2026-07-16
APL-BTM-M-067-XXL-RUS,APL-BTM-M-067,XXL,Rust,0,0,0,30,7,30,out_of_stock,MUM-FC1-F03-R1,705,SUP-001,2026-05-08,2026-06-27
APL-BTM-M-067-XS-BRO,APL-BTM-M-067,XS,Brown,2,0,2,0,6,24,low_stock,MUM-FC1-C07-R5,705,SUP-001,2026-06-10,2026-06-17
APL-BTM-M-067-S-BRO,APL-BTM-M-067,S,Brown,37,4,33,0,12,48,in_stock,MUM-FC1-E09-R4,705,SUP-001,2026-06-04,2026-07-04
APL-BTM-M-067-M-BRO,APL-BTM-M-067,M,Brown,88,6,82,0,19,78,in_stock,MUM-FC1-D04-R1,705,SUP-001,2026-05-22,2026-06-22
APL-BTM-M-067-L-BRO,APL-BTM-M-067,L,Brown,4,0,4,0,18,72,low_stock,MUM-FC1-D01-R2,705,SUP-001,2026-06-07,2026-07-15
APL-BTM-M-067-XL-BRO,APL-BTM-M-067,XL,Brown,54,0,54,0,12,48,in_stock,MUM-FC1-E16-R4,705,SUP-001,2026-05-15,2026-06-21
APL-BTM-M-067-XXL-BRO,APL-BTM-M-067,XXL,Brown,33,1,32,0,7,30,in_stock,MUM-FC1-E01-R1,705,SUP-001,2026-06-14,2026-06-21
APL-TOP-F-068-XS-IVO,APL-TOP-F-068,XS,Ivory,0,0,0,24,6,24,out_of_stock,DEL-FC1-F10-R2,563,SUP-007,2026-06-21,2026-07-04
APL-TOP-F-068-S-IVO,APL-TOP-F-068,S,Ivory,33,0,33,0,12,48,in_stock,DEL-FC1-F18-R5,563,SUP-007,2026-07-02,2026-07-17
APL-TOP-F-068-M-IVO,APL-TOP-F-068,M,Ivory,76,4,72,0,19,78,in_stock,DEL-FC1-D20-R3,563,SUP-007,2026-05-26,2026-06-15
APL-TOP-F-068-L-IVO,APL-TOP-F-068,L,Ivory,12,0,12,0,18,72,low_stock,DEL-FC1-A11-R4,563,SUP-007,2026-05-02,2026-06-25
APL-TOP-F-068-XL-IVO,APL-TOP-F-068,XL,Ivory,42,4,38,0,12,48,in_stock,DEL-FC1-F10-R5,563,SUP-007,2026-04-30,2026-05-08
APL-TOP-F-068-XXL-IVO,APL-TOP-F-068,XXL,Ivory,38,3,35,30,7,30,in_stock,DEL-FC1-F14-R5,563,SUP-007,2026-06-24,2026-07-07
APL-TOP-F-068-XS-DUS,APL-TOP-F-068,XS,Dusty Rose,19,2,17,0,6,24,in_stock,DEL-FC1-D11-R5,563,SUP-007,2026-05-02,2026-07-03
APL-TOP-F-068-S-DUS,APL-TOP-F-068,S,Dusty Rose,32,2,30,0,12,48,in_stock,DEL-FC1-C06-R5,563,SUP-007,2026-05-28,2026-06-20
APL-TOP-F-068-M-DUS,APL-TOP-F-068,M,Dusty Rose,107,15,92,0,19,78,in_stock,DEL-FC1-E07-R3,563,SUP-007,2026-05-23,2026-05-26
APL-TOP-F-068-L-DUS,APL-TOP-F-068,L,Dusty Rose,60,5,55,0,18,72,in_stock,DEL-FC1-F19-R1,563,SUP-007,2026-07-04,2026-07-09
APL-TOP-F-068-XL-DUS,APL-TOP-F-068,XL,Dusty Rose,39,2,37,0,12,48,in_stock,DEL-FC1-A10-R5,563,SUP-007,2026-05-28,2026-06-24
APL-TOP-F-068-XXL-DUS,APL-TOP-F-068,XXL,Dusty Rose,33,1,32,0,7,30,in_stock,DEL-FC1-F18-R2,563,SUP-007,2026-04-22,2026-07-11
APL-TOP-F-069-XS-BLA,APL-TOP-F-069,XS,Black,23,3,20,0,6,24,in_stock,MUM-FC1-F18-R5,526,SUP-007,2026-06-14,2026-06-17
APL-TOP-F-069-S-BLA,APL-TOP-F-069,S,Black,3,0,3,0,12,48,low_stock,MUM-FC1-D14-R3,526,SUP-007,2026-04-28,2026-07-18
APL-TOP-F-069-M-BLA,APL-TOP-F-069,M,Black,59,5,54,0,19,78,in_stock,MUM-FC1-E08-R4,526,SUP-007,2026-05-20,2026-05-27
APL-TOP-F-069-L-BLA,APL-TOP-F-069,L,Black,0,0,0,0,18,72,out_of_stock,MUM-FC1-C15-R4,526,SUP-007,2026-06-30,2026-07-13
APL-TOP-F-069-XL-BLA,APL-TOP-F-069,XL,Black,45,1,44,48,12,48,in_stock,MUM-FC1-C18-R2,526,SUP-007,2026-07-11,2026-07-11
APL-TOP-F-069-XXL-BLA,APL-TOP-F-069,XXL,Black,7,0,7,30,7,30,low_stock,MUM-FC1-C03-R4,526,SUP-007,2026-06-05,2026-07-17
APL-TOP-F-069-XS-MOC,APL-TOP-F-069,XS,Mocha,0,0,0,0,6,24,out_of_stock,MUM-FC1-F05-R2,526,SUP-007,2026-05-04,2026-07-16
APL-TOP-F-069-S-MOC,APL-TOP-F-069,S,Mocha,57,7,50,0,12,48,in_stock,MUM-FC1-E09-R4,526,SUP-007,2026-05-01,2026-05-31
APL-TOP-F-069-M-MOC,APL-TOP-F-069,M,Mocha,84,10,74,0,19,78,in_stock,MUM-FC1-F08-R4,526,SUP-007,2026-05-17,2026-05-26
APL-TOP-F-069-L-MOC,APL-TOP-F-069,L,Mocha,49,3,46,0,18,72,in_stock,MUM-FC1-A16-R5,526,SUP-007,2026-06-06,2026-06-13
APL-TOP-F-069-XL-MOC,APL-TOP-F-069,XL,Mocha,40,5,35,0,12,48,in_stock,MUM-FC1-B12-R4,526,SUP-007,2026-06-06,2026-06-25
APL-TOP-F-069-XXL-MOC,APL-TOP-F-069,XXL,Mocha,18,2,16,0,7,30,in_stock,MUM-FC1-A08-R3,526,SUP-007,2026-06-29,2026-07-11
APL-TOP-F-070-XS-COR,APL-TOP-F-070,XS,Coral,31,1,30,0,6,24,in_stock,DEL-FC1-A13-R3,651,SUP-008,2026-05-28,2026-06-02
APL-TOP-F-070-S-COR,APL-TOP-F-070,S,Coral,64,8,56,0,12,48,in_stock,DEL-FC1-D11-R4,651,SUP-008,2026-04-24,2026-05-29
APL-TOP-F-070-M-COR,APL-TOP-F-070,M,Coral,100,7,93,0,19,78,in_stock,DEL-FC1-C14-R1,651,SUP-008,2026-05-10,2026-06-12
APL-TOP-F-070-L-COR,APL-TOP-F-070,L,Coral,72,8,64,0,18,72,in_stock,DEL-FC1-D01-R1,651,SUP-008,2026-07-11,2026-07-13
APL-TOP-F-070-XL-COR,APL-TOP-F-070,XL,Coral,7,0,7,48,12,48,low_stock,DEL-FC1-E03-R1,651,SUP-008,2026-05-10,2026-06-10
APL-TOP-F-070-XXL-COR,APL-TOP-F-070,XXL,Coral,30,3,27,0,7,30,in_stock,DEL-FC1-F14-R3,651,SUP-008,2026-06-16,2026-07-16
APL-TOP-F-070-XS-NAV,APL-TOP-F-070,XS,Navy,31,2,29,0,6,24,in_stock,DEL-FC1-C07-R1,651,SUP-008,2026-06-12,2026-07-05
APL-TOP-F-070-S-NAV,APL-TOP-F-070,S,Navy,35,4,31,0,12,48,in_stock,DEL-FC1-A18-R5,651,SUP-008,2026-07-09,2026-07-12
APL-TOP-F-070-M-NAV,APL-TOP-F-070,M,Navy,103,10,93,0,19,78,in_stock,DEL-FC1-D20-R4,651,SUP-008,2026-07-05,2026-07-09
APL-TOP-F-070-L-NAV,APL-TOP-F-070,L,Navy,51,4,47,72,18,72,in_stock,DEL-FC1-E14-R4,651,SUP-008,2026-07-15,2026-07-18
APL-TOP-F-070-XL-NAV,APL-TOP-F-070,XL,Navy,33,4,29,0,12,48,in_stock,DEL-FC1-C16-R4,651,SUP-008,2026-05-06,2026-06-30
APL-TOP-F-070-XXL-NAV,APL-TOP-F-070,XXL,Navy,38,1,37,0,7,30,in_stock,DEL-FC1-D06-R4,651,SUP-008,2026-05-08,2026-05-11
APL-TOP-F-071-XS-LIG,APL-TOP-F-071,XS,Light Blue,23,2,21,0,6,24,in_stock,MUM-FC1-D05-R3,1061,SUP-006,2026-06-09,2026-06-22
APL-TOP-F-071-S-LIG,APL-TOP-F-071,S,Light Blue,56,2,54,0,12,48,in_stock,MUM-FC1-A02-R3,1061,SUP-006,2026-05-20,2026-06-19
APL-TOP-F-071-M-LIG,APL-TOP-F-071,M,Light Blue,103,14,89,0,19,78,in_stock,MUM-FC1-F02-R1,1061,SUP-006,2026-05-22,2026-06-23
APL-TOP-F-071-L-LIG,APL-TOP-F-071,L,Light Blue,78,4,74,0,18,72,in_stock,MUM-FC1-E02-R5,1061,SUP-006,2026-05-12,2026-06-14
APL-TOP-F-071-XL-LIG,APL-TOP-F-071,XL,Light Blue,35,2,33,0,12,48,in_stock,MUM-FC1-F17-R4,1061,SUP-006,2026-05-08,2026-06-10
APL-TOP-F-071-XXL-LIG,APL-TOP-F-071,XXL,Light Blue,0,0,0,30,7,30,out_of_stock,MUM-FC1-C12-R4,1061,SUP-006,2026-05-26,2026-06-11
APL-TOP-F-071-XS-WHI,APL-TOP-F-071,XS,White,26,1,25,0,6,24,in_stock,MUM-FC1-C16-R2,1061,SUP-006,2026-06-30,2026-07-14
APL-TOP-F-071-S-WHI,APL-TOP-F-071,S,White,30,0,30,0,12,48,in_stock,MUM-FC1-F15-R4,1061,SUP-006,2026-05-04,2026-07-06
APL-TOP-F-071-M-WHI,APL-TOP-F-071,M,White,49,3,46,0,19,78,in_stock,MUM-FC1-F05-R1,1061,SUP-006,2026-06-03,2026-06-08
APL-TOP-F-071-L-WHI,APL-TOP-F-071,L,White,54,6,48,0,18,72,in_stock,MUM-FC1-E19-R2,1061,SUP-006,2026-07-03,2026-07-03
APL-TOP-F-071-XL-WHI,APL-TOP-F-071,XL,White,48,0,48,0,12,48,in_stock,MUM-FC1-F04-R3,1061,SUP-006,2026-04-23,2026-05-29
APL-TOP-F-071-XXL-WHI,APL-TOP-F-071,XXL,White,34,3,31,0,7,30,in_stock,MUM-FC1-C05-R1,1061,SUP-006,2026-04-30,2026-06-27
APL-TOP-F-072-XS-BLA,APL-TOP-F-072,XS,Black,11,0,11,20,5,20,in_stock,DEL-FC1-E15-R3,1476,SUP-004,2026-07-01,2026-07-05
APL-TOP-F-072-S-BLA,APL-TOP-F-072,S,Black,0,0,0,20,5,20,out_of_stock,DEL-FC1-C02-R1,1476,SUP-004,2026-06-29,2026-07-18
APL-TOP-F-072-M-BLA,APL-TOP-F-072,M,Black,29,4,25,0,8,32,in_stock,DEL-FC1-A01-R2,1476,SUP-004,2026-05-10,2026-06-28
APL-TOP-F-072-L-BLA,APL-TOP-F-072,L,Black,36,3,33,0,7,30,in_stock,DEL-FC1-D14-R3,1476,SUP-004,2026-07-06,2026-07-08
APL-TOP-F-072-XL-BLA,APL-TOP-F-072,XL,Black,0,0,0,20,5,20,out_of_stock,DEL-FC1-B16-R4,1476,SUP-004,2026-06-08,2026-07-08
APL-TOP-F-072-XXL-BLA,APL-TOP-F-072,XXL,Black,2,0,2,0,5,20,low_stock,DEL-FC1-D14-R1,1476,SUP-004,2026-04-25,2026-06-29
APL-TOP-F-072-XS-MAU,APL-TOP-F-072,XS,Mauve,8,0,8,0,5,20,in_stock,DEL-FC1-D17-R5,1476,SUP-004,2026-04-30,2026-06-06
APL-TOP-F-072-S-MAU,APL-TOP-F-072,S,Mauve,0,0,0,0,5,20,out_of_stock,DEL-FC1-C05-R2,1476,SUP-004,2026-05-28,2026-06-12
APL-TOP-F-072-M-MAU,APL-TOP-F-072,M,Mauve,2,0,2,32,8,32,low_stock,DEL-FC1-E14-R4,1476,SUP-004,2026-05-02,2026-06-30
APL-TOP-F-072-L-MAU,APL-TOP-F-072,L,Mauve,33,1,32,0,7,30,in_stock,DEL-FC1-E01-R1,1476,SUP-004,2026-07-13,2026-07-16
APL-TOP-F-072-XL-MAU,APL-TOP-F-072,XL,Mauve,14,0,14,0,5,20,in_stock,DEL-FC1-C11-R5,1476,SUP-004,2026-06-17,2026-07-15
APL-TOP-F-072-XXL-MAU,APL-TOP-F-072,XXL,Mauve,13,1,12,0,5,20,in_stock,DEL-FC1-B03-R5,1476,SUP-004,2026-05-23,2026-07-17
APL-TOP-F-073-XS-CRE,APL-TOP-F-073,XS,Cream,14,1,13,0,6,24,in_stock,BLR-FC1-F20-R4,680,SUP-007,2026-05-28,2026-07-06
APL-TOP-F-073-S-CRE,APL-TOP-F-073,S,Cream,60,8,52,0,12,48,in_stock,BLR-FC1-C03-R2,680,SUP-007,2026-05-07,2026-05-08
APL-TOP-F-073-M-CRE,APL-TOP-F-073,M,Cream,58,1,57,78,19,78,in_stock,BLR-FC1-D05-R2,680,SUP-007,2026-06-14,2026-07-18
APL-TOP-F-073-L-CRE,APL-TOP-F-073,L,Cream,54,3,51,72,18,72,in_stock,BLR-FC1-B05-R4,680,SUP-007,2026-06-21,2026-07-06
APL-TOP-F-073-XL-CRE,APL-TOP-F-073,XL,Cream,29,1,28,0,12,48,in_stock,BLR-FC1-D02-R3,680,SUP-007,2026-04-21,2026-05-04
APL-TOP-F-073-XXL-CRE,APL-TOP-F-073,XXL,Cream,33,4,29,0,7,30,in_stock,BLR-FC1-E18-R3,680,SUP-007,2026-04-24,2026-06-25
APL-TOP-F-073-XS-RUS,APL-TOP-F-073,XS,Rust,22,3,19,0,6,24,in_stock,BLR-FC1-D08-R1,680,SUP-007,2026-06-26,2026-06-26
APL-TOP-F-073-S-RUS,APL-TOP-F-073,S,Rust,11,0,11,48,12,48,low_stock,BLR-FC1-D20-R3,680,SUP-007,2026-06-16,2026-07-13
APL-TOP-F-073-M-RUS,APL-TOP-F-073,M,Rust,48,2,46,0,19,78,in_stock,BLR-FC1-B19-R3,680,SUP-007,2026-07-06,2026-07-17
APL-TOP-F-073-L-RUS,APL-TOP-F-073,L,Rust,81,8,73,0,18,72,in_stock,BLR-FC1-F12-R4,680,SUP-007,2026-05-10,2026-06-05
APL-TOP-F-073-XL-RUS,APL-TOP-F-073,XL,Rust,39,0,39,0,12,48,in_stock,BLR-FC1-E16-R1,680,SUP-007,2026-06-12,2026-07-13
APL-TOP-F-073-XXL-RUS,APL-TOP-F-073,XXL,Rust,1,0,1,30,7,30,low_stock,BLR-FC1-F06-R2,680,SUP-007,2026-06-23,2026-06-24
APL-TOP-F-074-XS-CHA,APL-TOP-F-074,XS,Champagne,0,0,0,20,5,20,out_of_stock,BLR-FC1-C11-R3,262,SUP-008,2026-04-25,2026-07-05
APL-TOP-F-074-S-CHA,APL-TOP-F-074,S,Champagne,16,1,15,0,5,20,in_stock,BLR-FC1-F02-R4,262,SUP-008,2026-06-17,2026-06-24
APL-TOP-F-074-M-CHA,APL-TOP-F-074,M,Champagne,44,5,39,0,8,32,in_stock,BLR-FC1-E02-R5,262,SUP-008,2026-05-03,2026-05-24
APL-TOP-F-074-L-CHA,APL-TOP-F-074,L,Champagne,33,0,33,0,7,30,in_stock,BLR-FC1-D17-R4,262,SUP-008,2026-05-02,2026-05-21
APL-TOP-F-074-XL-CHA,APL-TOP-F-074,XL,Champagne,2,0,2,20,5,20,low_stock,BLR-FC1-A08-R4,262,SUP-008,2026-06-02,2026-06-20
APL-TOP-F-074-XXL-CHA,APL-TOP-F-074,XXL,Champagne,0,0,0,20,5,20,out_of_stock,BLR-FC1-D12-R2,262,SUP-008,2026-05-09,2026-07-15
APL-TOP-F-074-XS-BLA,APL-TOP-F-074,XS,Black,9,0,9,0,5,20,in_stock,BLR-FC1-D17-R3,262,SUP-008,2026-04-23,2026-06-18
APL-TOP-F-074-S-BLA,APL-TOP-F-074,S,Black,0,0,0,0,5,20,out_of_stock,BLR-FC1-A03-R3,262,SUP-008,2026-05-30,2026-06-24
APL-TOP-F-074-M-BLA,APL-TOP-F-074,M,Black,1,0,1,0,8,32,low_stock,BLR-FC1-E02-R5,262,SUP-008,2026-05-27,2026-06-22
APL-TOP-F-074-L-BLA,APL-TOP-F-074,L,Black,27,1,26,0,7,30,in_stock,BLR-FC1-C01-R3,262,SUP-008,2026-06-26,2026-07-15
APL-TOP-F-074-XL-BLA,APL-TOP-F-074,XL,Black,26,0,26,0,5,20,in_stock,BLR-FC1-E15-R3,262,SUP-008,2026-07-12,2026-07-15
APL-TOP-F-074-XXL-BLA,APL-TOP-F-074,XXL,Black,3,0,3,0,5,20,low_stock,BLR-FC1-F05-R5,262,SUP-008,2026-06-28,2026-07-07
APL-TOP-F-074-XS-SAG,APL-TOP-F-074,XS,Sage,7,0,7,0,5,20,in_stock,BLR-FC1-A01-R5,262,SUP-008,2026-07-04,2026-07-08
APL-TOP-F-074-S-SAG,APL-TOP-F-074,S,Sage,15,2,13,0,5,20,in_stock,BLR-FC1-A12-R3,262,SUP-008,2026-07-09,2026-07-17
APL-TOP-F-074-M-SAG,APL-TOP-F-074,M,Sage,0,0,0,32,8,32,out_of_stock,BLR-FC1-A15-R3,262,SUP-008,2026-07-02,2026-07-02
APL-TOP-F-074-L-SAG,APL-TOP-F-074,L,Sage,28,4,24,0,7,30,in_stock,BLR-FC1-F18-R5,262,SUP-008,2026-05-19,2026-06-10
APL-TOP-F-074-XL-SAG,APL-TOP-F-074,XL,Sage,16,1,15,0,5,20,in_stock,BLR-FC1-D17-R2,262,SUP-008,2026-05-03,2026-06-13
APL-TOP-F-074-XXL-SAG,APL-TOP-F-074,XXL,Sage,12,0,12,0,5,20,in_stock,BLR-FC1-D14-R1,262,SUP-008,2026-05-01,2026-05-08
APL-TOP-F-075-XS-WHI,APL-TOP-F-075,XS,White,22,1,21,0,6,24,in_stock,BLR-FC1-D09-R5,804,SUP-002,2026-06-22,2026-07-12
APL-TOP-F-075-S-WHI,APL-TOP-F-075,S,White,45,3,42,0,12,48,in_stock,BLR-FC1-B05-R5,804,SUP-002,2026-05-06,2026-07-07
APL-TOP-F-075-M-WHI,APL-TOP-F-075,M,White,91,11,80,0,19,78,in_stock,BLR-FC1-B15-R4,804,SUP-002,2026-04-24,2026-05-14
APL-TOP-F-075-L-WHI,APL-TOP-F-075,L,White,97,8,89,0,18,72,in_stock,BLR-FC1-A12-R5,804,SUP-002,2026-05-27,2026-05-29
APL-TOP-F-075-XL-WHI,APL-TOP-F-075,XL,White,48,2,46,0,12,48,in_stock,BLR-FC1-A05-R2,804,SUP-002,2026-07-04,2026-07-10
APL-TOP-F-075-XXL-WHI,APL-TOP-F-075,XXL,White,19,0,19,0,7,30,in_stock,BLR-FC1-D01-R1,804,SUP-002,2026-06-29,2026-07-10
APL-TOP-F-075-XS-OLI,APL-TOP-F-075,XS,Olive,0,0,0,24,6,24,out_of_stock,BLR-FC1-C19-R4,804,SUP-002,2026-06-02,2026-06-26
APL-TOP-F-075-S-OLI,APL-TOP-F-075,S,Olive,47,5,42,0,12,48,in_stock,BLR-FC1-D15-R4,804,SUP-002,2026-05-09,2026-06-19
APL-TOP-F-075-M-OLI,APL-TOP-F-075,M,Olive,52,3,49,0,19,78,in_stock,BLR-FC1-C18-R1,804,SUP-002,2026-07-14,2026-07-17
APL-TOP-F-075-L-OLI,APL-TOP-F-075,L,Olive,85,9,76,0,18,72,in_stock,BLR-FC1-F10-R5,804,SUP-002,2026-07-11,2026-07-12
APL-TOP-F-075-XL-OLI,APL-TOP-F-075,XL,Olive,53,4,49,0,12,48,in_stock,BLR-FC1-E17-R2,804,SUP-002,2026-06-19,2026-07-05
APL-TOP-F-075-XXL-OLI,APL-TOP-F-075,XXL,Olive,39,1,38,30,7,30,in_stock,BLR-FC1-B08-R5,804,SUP-002,2026-06-15,2026-06-20
APL-TOP-F-076-XS-LIL,APL-TOP-F-076,XS,Lilac,10,0,10,0,5,20,in_stock,DEL-FC1-A17-R3,386,SUP-003,2026-06-07,2026-06-23
APL-TOP-F-076-S-LIL,APL-TOP-F-076,S,Lilac,13,0,13,0,5,20,in_stock,DEL-FC1-A05-R3,386,SUP-003,2026-06-11,2026-06-21
APL-TOP-F-076-M-LIL,APL-TOP-F-076,M,Lilac,21,2,19,0,8,32,in_stock,DEL-FC1-A11-R2,386,SUP-003,2026-06-11,2026-07-01
APL-TOP-F-076-L-LIL,APL-TOP-F-076,L,Lilac,24,0,24,0,7,30,in_stock,DEL-FC1-E19-R2,386,SUP-003,2026-06-22,2026-07-08
APL-TOP-F-076-XL-LIL,APL-TOP-F-076,XL,Lilac,1,0,1,0,5,20,low_stock,DEL-FC1-A16-R1,386,SUP-003,2026-06-11,2026-06-25
APL-TOP-F-076-XXL-LIL,APL-TOP-F-076,XXL,Lilac,0,0,0,20,5,20,out_of_stock,DEL-FC1-E04-R2,386,SUP-003,2026-06-30,2026-07-04
APL-TOP-F-076-XS-BLA,APL-TOP-F-076,XS,Black,1,0,1,20,5,20,low_stock,DEL-FC1-E06-R2,386,SUP-003,2026-06-27,2026-07-10
APL-TOP-F-076-S-BLA,APL-TOP-F-076,S,Black,4,0,4,0,5,20,low_stock,DEL-FC1-F06-R1,386,SUP-003,2026-04-27,2026-06-27
APL-TOP-F-076-M-BLA,APL-TOP-F-076,M,Black,26,3,23,0,8,32,in_stock,DEL-FC1-B19-R5,386,SUP-003,2026-05-26,2026-05-28
APL-TOP-F-076-L-BLA,APL-TOP-F-076,L,Black,1,0,1,30,7,30,low_stock,DEL-FC1-B18-R3,386,SUP-003,2026-06-14,2026-06-27
APL-TOP-F-076-XL-BLA,APL-TOP-F-076,XL,Black,21,2,19,0,5,20,in_stock,DEL-FC1-C15-R3,386,SUP-003,2026-05-21,2026-07-02
APL-TOP-F-076-XXL-BLA,APL-TOP-F-076,XXL,Black,17,1,16,20,5,20,in_stock,DEL-FC1-F05-R1,386,SUP-003,2026-07-06,2026-07-13
APL-BTM-F-077-XS-MID,APL-BTM-F-077,XS,Mid-Blue,44,5,39,0,12,48,in_stock,BLR-FC1-F03-R5,877,SUP-006,2026-04-23,2026-07-17
APL-BTM-F-077-S-MID,APL-BTM-F-077,S,Mid-Blue,91,5,86,0,24,96,in_stock,BLR-FC1-D06-R1,877,SUP-006,2026-05-05,2026-07-03
APL-BTM-F-077-M-MID,APL-BTM-F-077,M,Mid-Blue,2,0,2,0,39,156,low_stock,BLR-FC1-F12-R2,877,SUP-006,2026-05-01,2026-07-18
APL-BTM-F-077-L-MID,APL-BTM-F-077,L,Mid-Blue,158,23,135,0,36,144,in_stock,BLR-FC1-A09-R4,877,SUP-006,2026-07-06,2026-07-09
APL-BTM-F-077-XL-MID,APL-BTM-F-077,XL,Mid-Blue,58,0,58,0,24,96,in_stock,BLR-FC1-E16-R2,877,SUP-006,2026-06-29,2026-07-05
APL-BTM-F-077-XXL-MID,APL-BTM-F-077,XXL,Mid-Blue,67,5,62,0,15,60,in_stock,BLR-FC1-B03-R2,877,SUP-006,2026-05-23,2026-06-28
APL-BTM-F-077-XS-ECR,APL-BTM-F-077,XS,Ecru,61,2,59,0,12,48,in_stock,BLR-FC1-A18-R5,877,SUP-006,2026-05-22,2026-07-04
APL-BTM-F-077-S-ECR,APL-BTM-F-077,S,Ecru,100,9,91,0,24,96,in_stock,BLR-FC1-A11-R4,877,SUP-006,2026-06-11,2026-06-28
APL-BTM-F-077-M-ECR,APL-BTM-F-077,M,Ecru,108,8,100,156,39,156,in_stock,BLR-FC1-F08-R1,877,SUP-006,2026-05-25,2026-06-20
APL-BTM-F-077-L-ECR,APL-BTM-F-077,L,Ecru,147,7,140,0,36,144,in_stock,BLR-FC1-A08-R4,877,SUP-006,2026-04-29,2026-05-30
APL-BTM-F-077-XL-ECR,APL-BTM-F-077,XL,Ecru,21,0,21,96,24,96,low_stock,BLR-FC1-A19-R3,877,SUP-006,2026-05-22,2026-06-06
APL-BTM-F-077-XXL-ECR,APL-BTM-F-077,XXL,Ecru,41,0,41,0,15,60,in_stock,BLR-FC1-B03-R5,877,SUP-006,2026-07-08,2026-07-15
APL-BTM-F-078-XS-DAR,APL-BTM-F-078,XS,Dark Blue,16,0,16,0,6,24,in_stock,MUM-FC1-F03-R2,972,SUP-006,2026-04-27,2026-06-22
APL-BTM-F-078-S-DAR,APL-BTM-F-078,S,Dark Blue,30,0,30,0,12,48,in_stock,MUM-FC1-A10-R4,972,SUP-006,2026-06-10,2026-06-16
APL-BTM-F-078-M-DAR,APL-BTM-F-078,M,Dark Blue,85,10,75,0,19,78,in_stock,MUM-FC1-D13-R4,972,SUP-006,2026-06-13,2026-06-19
APL-BTM-F-078-L-DAR,APL-BTM-F-078,L,Dark Blue,62,4,58,0,18,72,in_stock,MUM-FC1-B04-R1,972,SUP-006,2026-04-21,2026-07-06
APL-BTM-F-078-XL-DAR,APL-BTM-F-078,XL,Dark Blue,56,7,49,0,12,48,in_stock,MUM-FC1-E09-R3,972,SUP-006,2026-06-12,2026-07-12
APL-BTM-F-078-XXL-DAR,APL-BTM-F-078,XXL,Dark Blue,35,4,31,0,7,30,in_stock,MUM-FC1-C19-R4,972,SUP-006,2026-06-24,2026-07-14
APL-BTM-F-079-XS-LIG,APL-BTM-F-079,XS,Light Blue,29,1,28,0,6,24,in_stock,MUM-FC1-A17-R5,562,SUP-006,2026-07-13,2026-07-18
APL-BTM-F-079-S-LIG,APL-BTM-F-079,S,Light Blue,34,2,32,0,12,48,in_stock,MUM-FC1-C07-R2,562,SUP-006,2026-07-10,2026-07-13
APL-BTM-F-079-M-LIG,APL-BTM-F-079,M,Light Blue,95,9,86,0,19,78,in_stock,MUM-FC1-E11-R5,562,SUP-006,2026-07-01,2026-07-11
APL-BTM-F-079-L-LIG,APL-BTM-F-079,L,Light Blue,78,5,73,0,18,72,in_stock,MUM-FC1-A16-R2,562,SUP-006,2026-04-20,2026-07-10
APL-BTM-F-079-XL-LIG,APL-BTM-F-079,XL,Light Blue,37,1,36,0,12,48,in_stock,MUM-FC1-C13-R2,562,SUP-006,2026-06-10,2026-06-21
APL-BTM-F-079-XXL-LIG,APL-BTM-F-079,XXL,Light Blue,0,0,0,30,7,30,out_of_stock,MUM-FC1-C01-R5,562,SUP-006,2026-05-04,2026-05-22
APL-BTM-F-079-XS-BLA,APL-BTM-F-079,XS,Black,19,2,17,24,6,24,in_stock,MUM-FC1-A07-R2,562,SUP-006,2026-05-26,2026-06-06
APL-BTM-F-079-S-BLA,APL-BTM-F-079,S,Black,37,4,33,0,12,48,in_stock,MUM-FC1-B01-R2,562,SUP-006,2026-05-23,2026-05-29
APL-BTM-F-079-M-BLA,APL-BTM-F-079,M,Black,48,5,43,0,19,78,in_stock,MUM-FC1-B10-R4,562,SUP-006,2026-05-20,2026-06-12
APL-BTM-F-079-L-BLA,APL-BTM-F-079,L,Black,89,13,76,0,18,72,in_stock,MUM-FC1-D03-R1,562,SUP-006,2026-05-08,2026-05-24
APL-BTM-F-079-XL-BLA,APL-BTM-F-079,XL,Black,59,3,56,0,12,48,in_stock,MUM-FC1-F08-R1,562,SUP-006,2026-07-07,2026-07-16
APL-BTM-F-079-XXL-BLA,APL-BTM-F-079,XXL,Black,22,1,21,0,7,30,in_stock,MUM-FC1-C05-R5,562,SUP-006,2026-07-03,2026-07-18
APL-BTM-F-080-XS-BLA,APL-BTM-F-080,XS,Black,29,1,28,0,6,24,in_stock,DEL-FC1-E12-R4,275,SUP-003,2026-06-25,2026-07-09
APL-BTM-F-080-S-BLA,APL-BTM-F-080,S,Black,35,2,33,0,12,48,in_stock,DEL-FC1-D09-R5,275,SUP-003,2026-06-10,2026-07-17
APL-BTM-F-080-M-BLA,APL-BTM-F-080,M,Black,87,5,82,0,19,78,in_stock,DEL-FC1-B10-R4,275,SUP-003,2026-06-07,2026-07-13
APL-BTM-F-080-L-BLA,APL-BTM-F-080,L,Black,52,0,52,0,18,72,in_stock,DEL-FC1-C15-R5,275,SUP-003,2026-06-04,2026-06-18
APL-BTM-F-080-XL-BLA,APL-BTM-F-080,XL,Black,51,3,48,0,12,48,in_stock,DEL-FC1-D12-R4,275,SUP-003,2026-05-30,2026-06-16
APL-BTM-F-080-XXL-BLA,APL-BTM-F-080,XXL,Black,27,2,25,0,7,30,in_stock,DEL-FC1-A10-R5,275,SUP-003,2026-06-24,2026-07-11
APL-BTM-F-080-XS-COC,APL-BTM-F-080,XS,Cocoa,26,0,26,0,6,24,in_stock,DEL-FC1-A18-R2,275,SUP-003,2026-06-01,2026-06-13
APL-BTM-F-080-S-COC,APL-BTM-F-080,S,Cocoa,54,6,48,0,12,48,in_stock,DEL-FC1-B20-R2,275,SUP-003,2026-06-28,2026-07-06
APL-BTM-F-080-M-COC,APL-BTM-F-080,M,Cocoa,47,5,42,0,19,78,in_stock,DEL-FC1-D19-R1,275,SUP-003,2026-06-19,2026-07-09
APL-BTM-F-080-L-COC,APL-BTM-F-080,L,Cocoa,13,0,13,0,18,72,low_stock,DEL-FC1-B16-R2,275,SUP-003,2026-06-25,2026-07-13
APL-BTM-F-080-XL-COC,APL-BTM-F-080,XL,Cocoa,58,4,54,0,12,48,in_stock,DEL-FC1-C07-R4,275,SUP-003,2026-06-12,2026-06-25
APL-BTM-F-080-XXL-COC,APL-BTM-F-080,XXL,Cocoa,2,0,2,30,7,30,low_stock,DEL-FC1-F01-R4,275,SUP-003,2026-07-13,2026-07-15
APL-BTM-F-081-XS-BLA,APL-BTM-F-081,XS,Black,28,1,27,0,6,24,in_stock,MUM-FC1-E02-R2,586,SUP-007,2026-05-09,2026-06-20
APL-BTM-F-081-S-BLA,APL-BTM-F-081,S,Black,50,4,46,0,12,48,in_stock,MUM-FC1-D07-R4,586,SUP-007,2026-04-28,2026-07-05
APL-BTM-F-081-M-BLA,APL-BTM-F-081,M,Black,70,10,60,0,19,78,in_stock,MUM-FC1-C03-R2,586,SUP-007,2026-05-03,2026-07-12
APL-BTM-F-081-L-BLA,APL-BTM-F-081,L,Black,53,0,53,0,18,72,in_stock,MUM-FC1-D10-R2,586,SUP-007,2026-05-19,2026-06-06
APL-BTM-F-081-XL-BLA,APL-BTM-F-081,XL,Black,9,0,9,48,12,48,low_stock,MUM-FC1-D13-R2,586,SUP-007,2026-05-04,2026-05-20
APL-BTM-F-081-XXL-BLA,APL-BTM-F-081,XXL,Black,7,0,7,0,7,30,low_stock,MUM-FC1-C14-R4,586,SUP-007,2026-05-10,2026-06-18
APL-BTM-F-081-XS-SAN,APL-BTM-F-081,XS,Sand,25,1,24,24,6,24,in_stock,MUM-FC1-B15-R1,586,SUP-007,2026-06-10,2026-07-18
APL-BTM-F-081-S-SAN,APL-BTM-F-081,S,Sand,59,7,52,0,12,48,in_stock,MUM-FC1-E02-R1,586,SUP-007,2026-05-26,2026-07-06
APL-BTM-F-081-M-SAN,APL-BTM-F-081,M,Sand,101,10,91,0,19,78,in_stock,MUM-FC1-E06-R4,586,SUP-007,2026-05-21,2026-06-01
APL-BTM-F-081-L-SAN,APL-BTM-F-081,L,Sand,95,12,83,0,18,72,in_stock,MUM-FC1-E04-R4,586,SUP-007,2026-04-25,2026-05-25
APL-BTM-F-081-XL-SAN,APL-BTM-F-081,XL,Sand,62,5,57,0,12,48,in_stock,MUM-FC1-A07-R4,586,SUP-007,2026-06-11,2026-07-16
APL-BTM-F-081-XXL-SAN,APL-BTM-F-081,XXL,Sand,20,1,19,0,7,30,in_stock,MUM-FC1-D15-R2,586,SUP-007,2026-05-22,2026-06-04
APL-BTM-F-082-XS-BLU,APL-BTM-F-082,XS,Blush,26,1,25,0,6,24,in_stock,BLR-FC1-B13-R1,550,SUP-008,2026-04-21,2026-05-23
APL-BTM-F-082-S-BLU,APL-BTM-F-082,S,Blush,33,3,30,0,12,48,in_stock,BLR-FC1-A03-R5,550,SUP-008,2026-07-13,2026-07-14
APL-BTM-F-082-M-BLU,APL-BTM-F-082,M,Blush,91,3,88,0,19,78,in_stock,BLR-FC1-A20-R1,550,SUP-008,2026-05-12,2026-06-18
APL-BTM-F-082-L-BLU,APL-BTM-F-082,L,Blush,50,5,45,72,18,72,in_stock,BLR-FC1-C05-R4,550,SUP-008,2026-06-04,2026-06-15
APL-BTM-F-082-XL-BLU,APL-BTM-F-082,XL,Blush,0,0,0,48,12,48,out_of_stock,BLR-FC1-B15-R1,550,SUP-008,2026-07-10,2026-07-18
APL-BTM-F-082-XXL-BLU,APL-BTM-F-082,XXL,Blush,33,1,32,0,7,30,in_stock,BLR-FC1-A20-R1,550,SUP-008,2026-04-26,2026-06-13
APL-BTM-F-082-XS-CHE,APL-BTM-F-082,XS,Checked Grey,29,1,28,0,6,24,in_stock,BLR-FC1-D01-R1,550,SUP-008,2026-06-02,2026-06-14
APL-BTM-F-082-S-CHE,APL-BTM-F-082,S,Checked Grey,54,0,54,0,12,48,in_stock,BLR-FC1-F06-R2,550,SUP-008,2026-04-25,2026-06-17
APL-BTM-F-082-M-CHE,APL-BTM-F-082,M,Checked Grey,78,7,71,0,19,78,in_stock,BLR-FC1-E13-R4,550,SUP-008,2026-05-05,2026-06-03
APL-BTM-F-082-L-CHE,APL-BTM-F-082,L,Checked Grey,55,3,52,0,18,72,in_stock,BLR-FC1-D07-R4,550,SUP-008,2026-05-18,2026-05-22
APL-BTM-F-082-XL-CHE,APL-BTM-F-082,XL,Checked Grey,54,0,54,0,12,48,in_stock,BLR-FC1-D10-R5,550,SUP-008,2026-06-22,2026-06-25
APL-BTM-F-082-XXL-CHE,APL-BTM-F-082,XXL,Checked Grey,35,2,33,0,7,30,in_stock,BLR-FC1-A20-R3,550,SUP-008,2026-07-09,2026-07-15
APL-BTM-F-083-XS-BLA,APL-BTM-F-083,XS,Black,16,1,15,0,6,24,in_stock,MUM-FC1-F16-R1,817,SUP-003,2026-06-01,2026-06-02
APL-BTM-F-083-S-BLA,APL-BTM-F-083,S,Black,52,4,48,0,12,48,in_stock,MUM-FC1-E01-R2,817,SUP-003,2026-04-22,2026-07-09
APL-BTM-F-083-M-BLA,APL-BTM-F-083,M,Black,94,6,88,0,19,78,in_stock,MUM-FC1-A02-R2,817,SUP-003,2026-06-06,2026-07-07
APL-BTM-F-083-L-BLA,APL-BTM-F-083,L,Black,60,0,60,0,18,72,in_stock,MUM-FC1-E15-R3,817,SUP-003,2026-05-07,2026-06-11
APL-BTM-F-083-XL-BLA,APL-BTM-F-083,XL,Black,7,0,7,48,12,48,low_stock,MUM-FC1-A08-R3,817,SUP-003,2026-06-02,2026-06-17
APL-BTM-F-083-XXL-BLA,APL-BTM-F-083,XXL,Black,0,0,0,0,7,30,out_of_stock,MUM-FC1-B08-R5,817,SUP-003,2026-06-07,2026-07-10
APL-BTM-F-083-XS-DEE,APL-BTM-F-083,XS,Deep Plum,4,0,4,24,6,24,low_stock,MUM-FC1-F05-R2,817,SUP-003,2026-05-06,2026-05-17
APL-BTM-F-083-S-DEE,APL-BTM-F-083,S,Deep Plum,35,1,34,0,12,48,in_stock,MUM-FC1-D15-R3,817,SUP-003,2026-05-11,2026-06-05
APL-BTM-F-083-M-DEE,APL-BTM-F-083,M,Deep Plum,62,2,60,0,19,78,in_stock,MUM-FC1-F07-R3,817,SUP-003,2026-06-20,2026-06-22
APL-BTM-F-083-L-DEE,APL-BTM-F-083,L,Deep Plum,97,6,91,0,18,72,in_stock,MUM-FC1-E14-R2,817,SUP-003,2026-06-20,2026-06-20
APL-BTM-F-083-XL-DEE,APL-BTM-F-083,XL,Deep Plum,5,0,5,48,12,48,low_stock,MUM-FC1-F06-R3,817,SUP-003,2026-06-07,2026-07-06
APL-BTM-F-083-XXL-DEE,APL-BTM-F-083,XXL,Deep Plum,25,1,24,0,7,30,in_stock,MUM-FC1-F16-R2,817,SUP-003,2026-05-09,2026-06-02
APL-BTM-F-084-XS-TAU,APL-BTM-F-084,XS,Taupe,56,7,49,0,12,48,in_stock,MUM-FC1-C13-R4,789,SUP-002,2026-05-29,2026-07-09
APL-BTM-F-084-S-TAU,APL-BTM-F-084,S,Taupe,133,19,114,0,24,96,in_stock,MUM-FC1-E06-R2,789,SUP-002,2026-06-14,2026-06-30
APL-BTM-F-084-M-TAU,APL-BTM-F-084,M,Taupe,189,20,169,0,39,156,in_stock,MUM-FC1-C02-R4,789,SUP-002,2026-06-13,2026-06-28
APL-BTM-F-084-L-TAU,APL-BTM-F-084,L,Taupe,0,0,0,0,36,144,out_of_stock,MUM-FC1-F01-R2,789,SUP-002,2026-05-23,2026-06-30
APL-BTM-F-084-XL-TAU,APL-BTM-F-084,XL,Taupe,92,8,84,0,24,96,in_stock,MUM-FC1-B01-R1,789,SUP-002,2026-05-01,2026-06-19
APL-BTM-F-084-XXL-TAU,APL-BTM-F-084,XXL,Taupe,55,4,51,0,15,60,in_stock,MUM-FC1-D06-R4,789,SUP-002,2026-05-22,2026-07-05
APL-BTM-F-084-XS-BLA,APL-BTM-F-084,XS,Black,40,2,38,0,12,48,in_stock,MUM-FC1-D03-R1,789,SUP-002,2026-07-10,2026-07-15
APL-BTM-F-084-S-BLA,APL-BTM-F-084,S,Black,120,13,107,0,24,96,in_stock,MUM-FC1-A06-R4,789,SUP-002,2026-04-20,2026-05-02
APL-BTM-F-084-M-BLA,APL-BTM-F-084,M,Black,102,10,92,0,39,156,in_stock,MUM-FC1-B06-R3,789,SUP-002,2026-05-13,2026-05-30
APL-BTM-F-084-L-BLA,APL-BTM-F-084,L,Black,109,7,102,0,36,144,in_stock,MUM-FC1-B07-R1,789,SUP-002,2026-05-13,2026-06-06
APL-BTM-F-084-XL-BLA,APL-BTM-F-084,XL,Black,77,7,70,0,24,96,in_stock,MUM-FC1-F06-R1,789,SUP-002,2026-05-27,2026-06-01
APL-BTM-F-084-XXL-BLA,APL-BTM-F-084,XXL,Black,54,4,50,0,15,60,in_stock,MUM-FC1-F04-R1,789,SUP-002,2026-04-27,2026-05-31
APL-ACC-M-085-FS-BLA,APL-ACC-M-085,Free Size,Black-Gold,0,0,0,180,45,180,out_of_stock,MUM-FC1-A13-R5,381,SUP-009,2026-06-25,2026-07-03
APL-ACC-M-085-FS-TOR,APL-ACC-M-085,Free Size,Tortoise-Gold,242,15,227,0,45,180,in_stock,MUM-FC1-C11-R2,381,SUP-009,2026-06-05,2026-07-17
APL-ACC-M-086-FS-SIL,APL-ACC-M-086,Free Size,Silver,45,2,43,0,45,180,low_stock,DEL-FC1-B01-R5,580,SUP-009,2026-05-05,2026-07-11
APL-ACC-M-086-FS-GUN,APL-ACC-M-086,Free Size,Gunmetal,148,8,140,0,45,180,in_stock,DEL-FC1-F16-R5,580,SUP-009,2026-06-11,2026-06-23
APL-ACC-F-087-FS-GOL,APL-ACC-F-087,Free Size,Gold,42,4,38,360,90,360,low_stock,DEL-FC1-D13-R5,488,SUP-009,2026-04-30,2026-06-13
APL-ACC-F-087-FS-ROS,APL-ACC-F-087,Free Size,Rose Gold,339,50,289,0,90,360,in_stock,DEL-FC1-A13-R3,488,SUP-009,2026-07-06,2026-07-09
APL-ACC-F-088-FS-GLO,APL-ACC-F-088,Free Size,Glossy Black,32,3,29,180,45,180,low_stock,MUM-FC1-F18-R4,633,SUP-007,2026-05-11,2026-07-07
APL-ACC-F-088-FS-AMB,APL-ACC-F-088,Free Size,Amber,245,8,237,0,45,180,in_stock,MUM-FC1-F03-R1,633,SUP-007,2026-06-14,2026-06-15
APL-ACC-M-089-FS-MAT,APL-ACC-M-089,Free Size,Matte Black-Blue,436,31,405,0,90,360,in_stock,DEL-FC1-A05-R5,699,SUP-004,2026-07-10,2026-07-17
APL-ACC-M-089-FS-MAC,APL-ACC-M-089,Free Size,Matte Grey,445,38,407,0,90,360,in_stock,DEL-FC1-A11-R4,699,SUP-004,2026-06-07,2026-07-18
APL-ACC-F-090-FS-LIL,APL-ACC-F-090,Free Size,Lilac,6,0,6,180,45,180,low_stock,DEL-FC1-E07-R1,380,SUP-008,2026-07-02,2026-07-13
APL-ACC-F-090-FS-CHE,APL-ACC-F-090,Free Size,Cherry Red,126,13,113,0,45,180,in_stock,DEL-FC1-E18-R2,380,SUP-008,2026-06-08,2026-07-05
APL-ACC-F-090-FS-BLA,APL-ACC-F-090,Free Size,Black,154,18,136,0,45,180,in_stock,DEL-FC1-E19-R2,380,SUP-008,2026-05-03,2026-06-22
APL-ACC-M-091-FS-BEI,APL-ACC-M-091,Free Size,Beige,257,19,238,0,90,360,in_stock,DEL-FC1-E10-R2,419,SUP-004,2026-07-14,2026-07-14
APL-ACC-M-091-FS-BLA,APL-ACC-M-091,Free Size,Black,388,7,381,0,90,360,in_stock,DEL-FC1-F19-R4,419,SUP-004,2026-07-09,2026-07-12
APL-ACC-M-092-FS-NAV,APL-ACC-M-092,Free Size,Navy-White,14,1,13,0,45,180,low_stock,DEL-FC1-B02-R2,349,SUP-001,2026-06-21,2026-07-14
APL-ACC-M-092-FS-BLA,APL-ACC-M-092,Free Size,Black-Grey,164,20,144,0,45,180,in_stock,DEL-FC1-E13-R3,349,SUP-001,2026-06-13,2026-07-13
APL-ACC-F-093-FS-BLA,APL-ACC-F-093,Free Size,Black,49,6,43,0,18,75,in_stock,DEL-FC1-E13-R1,407,SUP-007,2026-05-06,2026-06-16
APL-ACC-F-093-FS-BUR,APL-ACC-F-093,Free Size,Burgundy,90,11,79,0,18,75,in_stock,DEL-FC1-D06-R5,407,SUP-007,2026-05-07,2026-07-02
APL-ACC-F-094-FS-BLU,APL-ACC-F-094,Free Size,Blush,138,13,125,0,45,180,in_stock,BLR-FC1-E04-R2,300,SUP-008,2026-06-07,2026-07-04
APL-ACC-F-094-FS-IVO,APL-ACC-F-094,Free Size,Ivory,23,3,20,180,45,180,low_stock,BLR-FC1-A04-R5,300,SUP-008,2026-07-12,2026-07-14
APL-ACC-M-095-FS-CHA,APL-ACC-M-095,Free Size,Charcoal,26,1,25,0,45,180,low_stock,MUM-FC1-B13-R1,708,SUP-002,2026-06-18,2026-07-15
APL-ACC-M-095-FS-CAM,APL-ACC-M-095,Free Size,Camel,225,15,210,180,45,180,in_stock,MUM-FC1-A03-R1,708,SUP-002,2026-06-21,2026-07-11
APL-ACC-M-096-S-BLA,APL-ACC-M-096,S,Black,44,4,40,0,10,42,in_stock,BLR-FC1-E06-R4,280,SUP-010,2026-06-20,2026-07-10
APL-ACC-M-096-M-BLA,APL-ACC-M-096,M,Black,11,0,11,0,18,72,low_stock,BLR-FC1-E06-R4,280,SUP-010,2026-04-22,2026-06-11
APL-ACC-M-096-L-BLA,APL-ACC-M-096,L,Black,56,4,52,0,13,54,in_stock,BLR-FC1-E18-R1,280,SUP-010,2026-05-16,2026-05-31
APL-ACC-M-096-S-NAV,APL-ACC-M-096,S,Navy,31,2,29,0,10,42,in_stock,BLR-FC1-A02-R2,280,SUP-010,2026-07-02,2026-07-08
APL-ACC-M-096-M-NAV,APL-ACC-M-096,M,Navy,80,9,71,0,18,72,in_stock,BLR-FC1-A17-R3,280,SUP-010,2026-06-05,2026-07-09
APL-ACC-M-096-L-NAV,APL-ACC-M-096,L,Navy,39,1,38,54,13,54,in_stock,BLR-FC1-E10-R5,280,SUP-010,2026-06-15,2026-06-23
APL-ACC-M-096-S-GRE,APL-ACC-M-096,S,Grey,44,6,38,0,10,42,in_stock,BLR-FC1-E17-R2,280,SUP-010,2026-05-02,2026-05-07
APL-ACC-M-096-M-GRE,APL-ACC-M-096,M,Grey,56,6,50,0,18,72,in_stock,BLR-FC1-E18-R2,280,SUP-010,2026-07-04,2026-07-09
APL-ACC-M-096-L-GRE,APL-ACC-M-096,L,Grey,44,3,41,0,13,54,in_stock,BLR-FC1-F06-R4,280,SUP-010,2026-06-17,2026-06-22
APL-ACC-M-097-S-ASS,APL-ACC-M-097,S,Assorted Prints,12,0,12,0,5,20,in_stock,MUM-FC1-F07-R3,396,SUP-010,2026-07-01,2026-07-17
APL-ACC-M-097-M-ASS,APL-ACC-M-097,M,Assorted Prints,7,0,7,30,7,30,low_stock,MUM-FC1-E08-R1,396,SUP-010,2026-05-24,2026-05-31
APL-ACC-M-097-L-ASS,APL-ACC-M-097,L,Assorted Prints,23,1,22,0,5,22,in_stock,MUM-FC1-C09-R2,396,SUP-010,2026-05-18,2026-06-04
APL-ACC-F-098-S-NUD,APL-ACC-F-098,S,Nude,75,1,74,0,21,84,in_stock,BLR-FC1-C19-R4,177,SUP-010,2026-05-02,2026-07-08
APL-ACC-F-098-M-NUD,APL-ACC-F-098,M,Nude,126,5,121,0,36,144,in_stock,BLR-FC1-A06-R3,177,SUP-010,2026-06-08,2026-06-19
APL-ACC-F-098-L-NUD,APL-ACC-F-098,L,Nude,94,7,87,0,27,108,in_stock,BLR-FC1-D16-R5,177,SUP-010,2026-05-06,2026-06-08
APL-ACC-F-098-S-BLA,APL-ACC-F-098,S,Black,5,0,5,0,21,84,low_stock,BLR-FC1-C02-R3,177,SUP-010,2026-05-21,2026-07-03
APL-ACC-F-098-M-BLA,APL-ACC-F-098,M,Black,156,23,133,0,36,144,in_stock,BLR-FC1-E10-R3,177,SUP-010,2026-06-13,2026-07-16
APL-ACC-F-098-L-BLA,APL-ACC-F-098,L,Black,146,6,140,0,27,108,in_stock,BLR-FC1-C14-R3,177,SUP-010,2026-05-01,2026-05-11
APL-ACC-F-098-S-WHI,APL-ACC-F-098,S,White,19,0,19,0,21,84,low_stock,BLR-FC1-E16-R1,177,SUP-010,2026-06-13,2026-07-15
APL-ACC-F-098-M-WHI,APL-ACC-F-098,M,White,193,19,174,0,36,144,in_stock,BLR-FC1-E04-R4,177,SUP-010,2026-04-21,2026-07-08
APL-ACC-F-098-L-WHI,APL-ACC-F-098,L,White,14,1,13,0,27,108,low_stock,BLR-FC1-B17-R5,177,SUP-010,2026-04-25,2026-07-11
APL-ACC-F-099-S-BLA,APL-ACC-F-099,S,Black-Grey,55,1,54,0,10,42,in_stock,MUM-FC1-A14-R4,245,SUP-003,2026-06-07,2026-06-17
APL-ACC-F-099-M-BLA,APL-ACC-F-099,M,Black-Grey,64,2,62,0,18,72,in_stock,MUM-FC1-A10-R3,245,SUP-003,2026-06-20,2026-06-29
APL-ACC-F-099-L-BLA,APL-ACC-F-099,L,Black-Grey,0,0,0,54,13,54,out_of_stock,MUM-FC1-D07-R3,245,SUP-003,2026-07-11,2026-07-11
APL-ACC-F-099-S-PLU,APL-ACC-F-099,S,Plum,56,0,56,42,10,42,in_stock,MUM-FC1-D11-R3,245,SUP-003,2026-06-04,2026-06-10
APL-ACC-F-099-M-PLU,APL-ACC-F-099,M,Plum,43,2,41,0,18,72,in_stock,MUM-FC1-D07-R1,245,SUP-003,2026-06-26,2026-07-12
APL-ACC-F-099-L-PLU,APL-ACC-F-099,L,Plum,71,0,71,0,13,54,in_stock,MUM-FC1-C08-R4,245,SUP-003,2026-06-09,2026-07-02
APL-ACC-F-100-S-WHI,APL-ACC-F-100,S,White,43,4,39,0,10,42,in_stock,BLR-FC1-B12-R4,226,SUP-010,2026-04-20,2026-06-04
APL-ACC-F-100-M-WHI,APL-ACC-F-100,M,White,10,0,10,72,18,72,low_stock,BLR-FC1-F11-R1,226,SUP-010,2026-05-10,2026-06-04
APL-ACC-F-100-L-WHI,APL-ACC-F-100,L,White,73,1,72,0,13,54,in_stock,BLR-FC1-D05-R3,226,SUP-010,2026-06-10,2026-07-12
APL-ACC-F-100-S-BEI,APL-ACC-F-100,S,Beige,49,0,49,0,10,42,in_stock,BLR-FC1-A05-R2,226,SUP-010,2026-06-03,2026-07-05
APL-ACC-F-100-M-BEI,APL-ACC-F-100,M,Beige,11,0,11,0,18,72,low_stock,BLR-FC1-A14-R4,226,SUP-010,2026-05-27,2026-06-14
APL-ACC-F-100-L-BEI,APL-ACC-F-100,L,Beige,53,1,52,0,13,54,in_stock,BLR-FC1-B09-R1,226,SUP-010,2026-05-23,2026-07-06
APL-ACC-F-100-S-BLA,APL-ACC-F-100,S,Black,33,3,30,0,10,42,in_stock,BLR-FC1-F17-R5,226,SUP-010,2026-05-13,2026-06-06
APL-ACC-F-100-M-BLA,APL-ACC-F-100,M,Black,100,3,97,0,18,72,in_stock,BLR-FC1-A09-R2,226,SUP-010,2026-05-08,2026-07-01
APL-ACC-F-100-L-BLA,APL-ACC-F-100,L,Black,33,1,32,0,13,54,in_stock,BLR-FC1-F08-R2,226,SUP-010,2026-06-02,2026-06-29
APL-TOP-M-101-XS-BLA,APL-TOP-M-101,XS,Black,64,2,62,0,12,48,in_stock,DEL-FC1-D04-R2,827,SUP-004,2026-07-05,2026-07-14
APL-TOP-M-101-S-BLA,APL-TOP-M-101,S,Black,45,5,40,0,12,48,in_stock,DEL-FC1-F19-R4,827,SUP-004,2026-07-05,2026-07-14
APL-TOP-M-101-M-BLA,APL-TOP-M-101,M,Black,45,2,43,0,6,24,in_stock,DEL-FC1-D02-R2,827,SUP-004,2026-07-05,2026-07-14
APL-TOP-M-101-L-BLA,APL-TOP-M-101,L,Black,25,1,24,24,6,24,in_stock,DEL-FC1-B08-R1,827,SUP-004,2026-07-05,2026-07-14
APL-TOP-M-101-XL-BLA,APL-TOP-M-101,XL,Black,43,5,38,0,19,76,in_stock,DEL-FC1-A09-R3,827,SUP-004,2026-07-05,2026-07-14
APL-TOP-M-101-XXL-BLA,APL-TOP-M-101,XXL,Black,29,1,28,0,6,24,in_stock,DEL-FC1-A02-R3,827,SUP-004,2026-07-05,2026-07-14
APL-TOP-M-101-XS-SLA,APL-TOP-M-101,XS,Slate Blue,42,1,41,0,19,76,in_stock,DEL-FC1-F14-R2,827,SUP-004,2026-07-05,2026-07-14
APL-TOP-M-101-S-SLA,APL-TOP-M-101,S,Slate Blue,22,2,20,0,12,48,in_stock,DEL-FC1-E14-R5,827,SUP-004,2026-07-05,2026-07-14
APL-TOP-M-101-M-SLA,APL-TOP-M-101,M,Slate Blue,16,2,14,24,6,24,in_stock,DEL-FC1-F13-R2,827,SUP-004,2026-07-05,2026-07-14
APL-TOP-M-101-L-SLA,APL-TOP-M-101,L,Slate Blue,70,5,65,0,6,24,in_stock,DEL-FC1-C15-R5,827,SUP-004,2026-07-05,2026-07-14
APL-TOP-M-101-XL-SLA,APL-TOP-M-101,XL,Slate Blue,14,0,14,24,12,48,in_stock,DEL-FC1-C11-R3,827,SUP-004,2026-07-05,2026-07-14
APL-TOP-M-101-XXL-SLA,APL-TOP-M-101,XXL,Slate Blue,52,6,46,0,6,24,in_stock,DEL-FC1-E02-R2,827,SUP-004,2026-07-05,2026-07-14
APL-TOP-M-102-XS-FOR,APL-TOP-M-102,XS,Forest Green,40,3,37,0,12,48,in_stock,DEL-FC1-F10-R3,1609,SUP-004,2026-07-05,2026-07-14
APL-TOP-M-102-S-FOR,APL-TOP-M-102,S,Forest Green,70,1,69,0,19,76,in_stock,DEL-FC1-C18-R5,1609,SUP-004,2026-07-05,2026-07-14
APL-TOP-M-102-M-FOR,APL-TOP-M-102,M,Forest Green,0,0,0,48,12,48,out_of_stock,DEL-FC1-B03-R3,1609,SUP-004,2026-07-05,2026-07-14
APL-TOP-M-102-L-FOR,APL-TOP-M-102,L,Forest Green,50,0,50,0,19,76,in_stock,DEL-FC1-E12-R2,1609,SUP-004,2026-07-05,2026-07-14
APL-TOP-M-102-XL-FOR,APL-TOP-M-102,XL,Forest Green,61,0,61,0,6,24,in_stock,DEL-FC1-D03-R4,1609,SUP-004,2026-07-05,2026-07-14
APL-TOP-M-102-XXL-FOR,APL-TOP-M-102,XXL,Forest Green,13,0,13,24,6,24,in_stock,DEL-FC1-D05-R2,1609,SUP-004,2026-07-05,2026-07-14
APL-TOP-M-102-XS-CHA,APL-TOP-M-102,XS,Charcoal,51,6,45,0,6,24,in_stock,DEL-FC1-A11-R4,1609,SUP-004,2026-07-05,2026-07-14
APL-TOP-M-102-S-CHA,APL-TOP-M-102,S,Charcoal,41,3,38,0,12,48,in_stock,DEL-FC1-B03-R2,1609,SUP-004,2026-07-05,2026-07-14
APL-TOP-M-102-M-CHA,APL-TOP-M-102,M,Charcoal,18,1,17,24,6,24,in_stock,DEL-FC1-F12-R5,1609,SUP-004,2026-07-05,2026-07-14
APL-TOP-M-102-L-CHA,APL-TOP-M-102,L,Charcoal,17,2,15,48,6,24,in_stock,DEL-FC1-E08-R3,1609,SUP-004,2026-07-05,2026-07-14
APL-TOP-M-102-XL-CHA,APL-TOP-M-102,XL,Charcoal,18,1,17,0,19,76,low_stock,DEL-FC1-F02-R4,1609,SUP-004,2026-07-05,2026-07-14
APL-TOP-M-102-XXL-CHA,APL-TOP-M-102,XXL,Charcoal,46,4,42,0,6,24,in_stock,DEL-FC1-B08-R5,1609,SUP-004,2026-07-05,2026-07-14
APL-TOP-F-103-XS-TEA,APL-TOP-F-103,XS,Teal,56,5,51,0,12,48,in_stock,DEL-FC1-D08-R2,827,SUP-004,2026-07-05,2026-07-14
APL-TOP-F-103-S-TEA,APL-TOP-F-103,S,Teal,29,2,27,0,12,48,in_stock,DEL-FC1-D13-R2,827,SUP-004,2026-07-05,2026-07-14
APL-TOP-F-103-M-TEA,APL-TOP-F-103,M,Teal,65,4,61,0,6,24,in_stock,DEL-FC1-C11-R3,827,SUP-004,2026-07-05,2026-07-14
APL-TOP-F-103-L-TEA,APL-TOP-F-103,L,Teal,28,3,25,0,19,76,in_stock,DEL-FC1-B12-R5,827,SUP-004,2026-07-05,2026-07-14
APL-TOP-F-103-XL-TEA,APL-TOP-F-103,XL,Teal,27,3,24,0,19,76,in_stock,DEL-FC1-A11-R3,827,SUP-004,2026-07-05,2026-07-14
APL-TOP-F-103-XXL-TEA,APL-TOP-F-103,XXL,Teal,37,0,37,0,19,76,in_stock,DEL-FC1-A01-R4,827,SUP-004,2026-07-05,2026-07-14
APL-TOP-F-103-XS-BLA,APL-TOP-F-103,XS,Black,26,1,25,0,12,48,in_stock,DEL-FC1-B19-R5,827,SUP-004,2026-07-05,2026-07-14
APL-TOP-F-103-S-BLA,APL-TOP-F-103,S,Black,67,3,64,0,12,48,in_stock,DEL-FC1-D17-R1,827,SUP-004,2026-07-05,2026-07-14
APL-TOP-F-103-M-BLA,APL-TOP-F-103,M,Black,18,2,16,24,6,24,in_stock,DEL-FC1-B14-R2,827,SUP-004,2026-07-05,2026-07-14
APL-TOP-F-103-L-BLA,APL-TOP-F-103,L,Black,66,7,59,0,12,48,in_stock,DEL-FC1-A03-R5,827,SUP-004,2026-07-05,2026-07-14
APL-TOP-F-103-XL-BLA,APL-TOP-F-103,XL,Black,52,0,52,0,6,24,in_stock,DEL-FC1-B20-R4,827,SUP-004,2026-07-05,2026-07-14
APL-TOP-F-103-XXL-BLA,APL-TOP-F-103,XXL,Black,57,3,54,0,12,48,in_stock,DEL-FC1-E11-R5,827,SUP-004,2026-07-05,2026-07-14
APL-TOP-F-104-XS-PLU,APL-TOP-F-104,XS,Plum,29,3,26,0,12,48,in_stock,MUM-FC1-E15-R3,1839,SUP-003,2026-07-05,2026-07-14
APL-TOP-F-104-S-PLU,APL-TOP-F-104,S,Plum,12,1,11,0,19,76,low_stock,MUM-FC1-B02-R4,1839,SUP-003,2026-07-05,2026-07-14
APL-TOP-F-104-M-PLU,APL-TOP-F-104,M,Plum,24,1,23,48,19,76,in_stock,MUM-FC1-C12-R1,1839,SUP-003,2026-07-05,2026-07-14
APL-TOP-F-104-L-PLU,APL-TOP-F-104,L,Plum,15,1,14,0,6,24,in_stock,MUM-FC1-E03-R1,1839,SUP-003,2026-07-05,2026-07-14
APL-TOP-F-104-XL-PLU,APL-TOP-F-104,XL,Plum,53,0,53,0,12,48,in_stock,MUM-FC1-E12-R4,1839,SUP-003,2026-07-05,2026-07-14
APL-TOP-F-104-XXL-PLU,APL-TOP-F-104,XXL,Plum,35,2,33,0,12,48,in_stock,MUM-FC1-F15-R2,1839,SUP-003,2026-07-05,2026-07-14
APL-TOP-F-104-XS-SLA,APL-TOP-F-104,XS,Slate Grey,48,6,42,0,6,24,in_stock,MUM-FC1-C05-R1,1839,SUP-003,2026-07-05,2026-07-14
APL-TOP-F-104-S-SLA,APL-TOP-F-104,S,Slate Grey,51,1,50,0,19,76,in_stock,MUM-FC1-F09-R5,1839,SUP-003,2026-07-05,2026-07-14
APL-TOP-F-104-M-SLA,APL-TOP-F-104,M,Slate Grey,64,6,58,0,19,76,in_stock,MUM-FC1-A19-R5,1839,SUP-003,2026-07-05,2026-07-14
APL-TOP-F-104-L-SLA,APL-TOP-F-104,L,Slate Grey,32,4,28,0,19,76,in_stock,MUM-FC1-F09-R4,1839,SUP-003,2026-07-05,2026-07-14
APL-TOP-F-104-XL-SLA,APL-TOP-F-104,XL,Slate Grey,49,5,44,0,12,48,in_stock,MUM-FC1-F17-R3,1839,SUP-003,2026-07-05,2026-07-14
APL-TOP-F-104-XXL-SLA,APL-TOP-F-104,XXL,Slate Grey,9,1,8,24,12,48,low_stock,MUM-FC1-A09-R5,1839,SUP-003,2026-07-05,2026-07-14
