Order_item_ID,Order_ID,Customer_ID,Order_date,ID (SKU),Inventory_ID,Size,Color,Quantity,Unit_price(INR),Line_total(INR),Payment_method,Payment_status,Order_status,Warehouse_shipped_from,Courier_partner,Tracking_number,Shipped_at,Expected_delivery,Delivered_at,Return_reason,Shipping_city,Shipping_pincode
OI-000001,ORD-2026-000001,CUST-0083,2026-06-28 08:04,APL-TOP-M-006,APL-TOP-M-006-S-BLA,S,Black,1,2999,2999,COD,paid,delivered,DEL-FC1,Delhivery,AWB1300026767,2026-06-28,2026-07-03,2026-06-29,,Jaipur,302001
OI-000002,ORD-2026-000001,CUST-0083,2026-06-28 08:04,APL-TOP-F-076,APL-TOP-F-076-M-LIL,M,Lilac,1,799,799,COD,paid,delivered,DEL-FC1,Delhivery,AWB1300026767,2026-06-28,2026-07-03,2026-06-29,,Jaipur,302001
OI-000003,ORD-2026-000002,CUST-0161,2026-07-10 17:25,APL-TOP-F-070,APL-TOP-F-070-XL-NAV,XL,Navy,1,1199,1199,UPI,refunded,cancelled,DEL-FC1,,,,,,,Jaipur,302001
OI-000004,ORD-2026-000003,CUST-0079,2026-06-17 09:37,APL-TOP-M-059,APL-TOP-M-059-S-IVO,S,Ivory,1,2299,2299,UPI,paid,delivered,DEL-FC1,DTDC,AWB7578688354,2026-06-17,2026-06-20,2026-06-20,,Chandigarh,160017
OI-000005,ORD-2026-000004,CUST-0064,2026-06-16 11:05,APL-TOP-F-023,APL-TOP-F-023-XS-CHA,XS,Champagne,1,2299,2299,Netbanking,paid,delivered,BLR-FC1,Ekart,AWB7493702076,2026-06-18,2026-06-20,2026-06-20,,Chandigarh,160017
OI-000006,ORD-2026-000004,CUST-0064,2026-06-16 11:05,APL-BTM-F-082,APL-BTM-F-082-S-CHE,S,Checked Grey,2,1199,2398,Netbanking,paid,delivered,BLR-FC1,Ekart,AWB7493702076,2026-06-18,2026-06-20,2026-06-20,,Chandigarh,160017
OI-000007,ORD-2026-000005,CUST-0020,2026-06-21 22:52,APL-TOP-F-075,APL-TOP-F-075-M-OLI,M,Olive,1,1999,1999,COD,paid,delivered,BLR-FC1,Delhivery,AWB1279172786,2026-06-22,2026-06-27,2026-06-28,,Kochi,682001
OI-000008,ORD-2026-000005,CUST-0020,2026-06-21 22:52,APL-ACC-F-047,APL-ACC-F-047-S-BLA,S,Black,2,499,998,COD,paid,delivered,BLR-FC1,Delhivery,AWB1279172786,2026-06-22,2026-06-27,2026-06-28,,Kochi,682001
OI-000009,ORD-2026-000006,CUST-0089,2026-07-15 13:10,APL-TOP-F-072,APL-TOP-F-072-XXL-BLA,XXL,Black,1,2999,2999,UPI,paid,shipped,DEL-FC1,Bluedart,AWB1346094055,2026-07-16,2026-07-21,,,Chennai,600001
OI-000010,ORD-2026-000007,CUST-0036,2026-06-07 12:45,APL-BTM-F-080,APL-BTM-F-080-L-BLA,L,Black,1,699,699,Netbanking,paid,delivered,DEL-FC1,Delhivery,AWB3828307593,2026-06-07,2026-06-10,2026-06-08,,Hyderabad,500001
OI-000011,ORD-2026-000008,CUST-0073,2026-07-15 16:23,APL-TOP-F-024,APL-TOP-F-024-M-GRE,M,Grey,1,1499,1499,UPI,paid,shipped,MUM-FC1,Delhivery,AWB6980221859,2026-07-17,2026-07-23,,,Jaipur,302001
OI-000012,ORD-2026-000009,CUST-0103,2026-07-18 11:28,APL-BTM-M-067,APL-BTM-M-067-L-BRO,L,Brown,1,1799,1799,UPI,paid,confirmed,MUM-FC1,,,,,,,Bengaluru,560001
OI-000013,ORD-2026-000010,CUST-0019,2026-06-20 10:40,APL-BTM-F-034,APL-BTM-F-034-XS-BLA,XS,Black,1,1299,1299,COD,paid,delivered,DEL-FC1,XpressBees,AWB2339395518,2026-06-21,2026-06-26,2026-06-23,,Mumbai,400001
OI-000014,ORD-2026-000011,CUST-0123,2026-07-05 08:13,APL-TOP-F-068,APL-TOP-F-068-L-IVO,L,Ivory,1,1299,1299,UPI,paid,delivered,DEL-FC1,DTDC,AWB6012407366,2026-07-06,2026-07-08,2026-07-08,,Jaipur,302001
OI-000015,ORD-2026-000012,CUST-0058,2026-06-12 20:54,APL-BTM-M-013,APL-BTM-M-013-M-STO,M,Stone Grey,1,1299,1299,COD,paid,delivered,DEL-FC1,DTDC,AWB5250315046,2026-06-14,2026-06-16,2026-06-17,,Hyderabad,500001
OI-000016,ORD-2026-000013,CUST-0089,2026-06-01 13:23,APL-TOP-M-008,APL-TOP-M-008-M-ELE,M,Electric Blue,2,799,1598,COD,paid,delivered,DEL-FC1,XpressBees,AWB8099486649,2026-06-03,2026-06-05,2026-06-09,,Pune,411001
OI-000017,ORD-2026-000014,CUST-0052,2026-07-05 20:40,APL-BTM-F-077,APL-BTM-F-077-XS-ECR,XS,Ecru,1,2299,2299,Wallet,paid,delivered,BLR-FC1,XpressBees,AWB1545625652,2026-07-07,2026-07-10,2026-07-09,,Kolkata,700001
OI-000018,ORD-2026-000014,CUST-0052,2026-07-05 20:40,APL-TOP-F-023,APL-TOP-F-023-L-EME,L,Emerald,1,2299,2299,Wallet,paid,delivered,BLR-FC1,XpressBees,AWB1545625652,2026-07-07,2026-07-10,2026-07-09,,Kolkata,700001
OI-000019,ORD-2026-000015,CUST-0122,2026-06-29 16:35,APL-BTM-F-030,APL-BTM-F-030-M-BLU,M,Blush Pink,1,1499,1499,Wallet,refunded,returned,DEL-FC1,DTDC,AWB4753401357,2026-07-01,2026-07-06,2026-07-02,Color mismatch,Lucknow,226001
OI-000020,ORD-2026-000016,CUST-0151,2026-06-22 21:08,APL-BTM-F-079,APL-BTM-F-079-XL-BLA,XL,Black,1,1299,1299,Netbanking,paid,delivered,MUM-FC1,DTDC,AWB3284170838,2026-06-24,2026-06-27,2026-06-29,,Lucknow,226001
OI-000021,ORD-2026-000017,CUST-0156,2026-07-17 10:09,APL-BTM-F-083,APL-BTM-F-083-L-DEE,L,Deep Plum,1,1499,1499,COD,pending,confirmed,MUM-FC1,,,,,,,Pune,411001
OI-000022,ORD-2026-000018,CUST-0028,2026-07-11 11:17,APL-BTM-M-017,APL-BTM-M-017-XXL-SAG,XXL,Sage,1,999,999,UPI,refunded,cancelled,MUM-FC1,,,,,,,Ahmedabad,380001
OI-000023,ORD-2026-000018,CUST-0028,2026-07-11 11:17,APL-BTM-F-079,APL-BTM-F-079-XXL-BLA,XXL,Black,3,1299,3897,UPI,refunded,cancelled,MUM-FC1,,,,,,,Ahmedabad,380001
OI-000024,ORD-2026-000019,CUST-0156,2026-06-16 15:32,APL-BTM-M-065,APL-BTM-M-065-XXL-OLI,XXL,Olive,1,1999,1999,Wallet,paid,delivered,MUM-FC1,Ekart,AWB5883955220,2026-06-18,2026-06-23,2026-06-19,,Chandigarh,160017
OI-000025,ORD-2026-000020,CUST-0062,2026-07-03 12:50,APL-TOP-F-024,APL-TOP-F-024-L-LIL,L,Lilac,2,1499,2998,Wallet,paid,delivered,MUM-FC1,Ekart,AWB9450540511,2026-07-03,2026-07-06,2026-07-05,,Lucknow,226001
OI-000026,ORD-2026-000020,CUST-0062,2026-07-03 12:50,APL-TOP-F-071,APL-TOP-F-071-XL-LIG,XL,Light Blue,1,2499,2499,Wallet,paid,delivered,MUM-FC1,Ekart,AWB9450540511,2026-07-03,2026-07-06,2026-07-05,,Lucknow,226001
OI-000027,ORD-2026-000021,CUST-0171,2026-07-05 14:32,APL-BTM-M-066,APL-BTM-M-066-M-GRE,M,Grey Melange,1,599,599,COD,paid,delivered,MUM-FC1,Ekart,AWB7264943241,2026-07-05,2026-07-11,2026-07-11,,Mumbai,400001
OI-000028,ORD-2026-000022,CUST-0076,2026-07-10 22:50,APL-TOP-F-070,APL-TOP-F-070-M-NAV,M,Navy,2,1199,2398,UPI,paid,out_for_delivery,DEL-FC1,Bluedart,AWB9358013058,2026-07-12,2026-07-17,,,Chennai,600001
OI-000029,ORD-2026-000023,CUST-0147,2026-06-30 12:03,APL-TOP-M-008,APL-TOP-M-008-L-ELE,L,Electric Blue,1,799,799,Netbanking,paid,delivered,DEL-FC1,Delhivery,AWB4677474002,2026-07-01,2026-07-07,2026-07-02,,Chennai,600001
OI-000030,ORD-2026-000024,CUST-0087,2026-06-27 22:17,APL-BTM-M-015,APL-BTM-M-015-M-BLA,M,Black,1,999,999,Credit/Debit Card,refunded,returned,DEL-FC1,Ekart,AWB9298937188,2026-06-28,2026-07-01,2026-07-04,Received damaged,Mumbai,400001
OI-000031,ORD-2026-000025,CUST-0173,2026-06-29 08:16,APL-TOP-M-058,APL-TOP-M-058-L-BLA,L,Black,2,599,1198,UPI,refunded,cancelled,MUM-FC1,,,,,,,Jaipur,302001
OI-000032,ORD-2026-000026,CUST-0028,2026-06-18 18:31,APL-BTM-M-017,APL-BTM-M-017-XS-SAG,XS,Sage,1,999,999,Wallet,paid,delivered,MUM-FC1,Bluedart,AWB3731500218,2026-06-19,2026-06-22,2026-06-23,,Chennai,600001
OI-000033,ORD-2026-000026,CUST-0028,2026-06-18 18:31,APL-BTM-F-027,APL-BTM-F-027-XL-IND,XL,Indigo,2,1999,3998,Wallet,paid,delivered,MUM-FC1,Bluedart,AWB3731500218,2026-06-19,2026-06-22,2026-06-23,,Chennai,600001
OI-000034,ORD-2026-000026,CUST-0028,2026-06-18 18:31,APL-TOP-M-003,APL-TOP-M-003-M-GRE,M,Grey Melange,1,1199,1199,Wallet,paid,delivered,MUM-FC1,Bluedart,AWB3731500218,2026-06-19,2026-06-22,2026-06-23,,Chennai,600001
OI-000035,ORD-2026-000026,CUST-0028,2026-06-18 18:31,APL-TOP-F-021,APL-TOP-F-021-L-TEA,L,Teal,1,2299,2299,Wallet,paid,delivered,MUM-FC1,Bluedart,AWB3731500218,2026-06-19,2026-06-22,2026-06-23,,Chennai,600001
OI-000036,ORD-2026-000027,CUST-0171,2026-06-07 18:18,APL-BTM-F-031,APL-BTM-F-031-S-LIG,S,Light Blue,1,999,999,UPI,paid,delivered,DEL-FC1,Ekart,AWB2389567515,2026-06-08,2026-06-12,2026-06-09,,Delhi,110001
OI-000037,ORD-2026-000027,CUST-0171,2026-06-07 18:18,APL-BTM-M-015,APL-BTM-M-015-L-NAV,L,Navy,1,999,999,UPI,paid,delivered,DEL-FC1,Ekart,AWB2389567515,2026-06-08,2026-06-12,2026-06-09,,Delhi,110001
OI-000038,ORD-2026-000027,CUST-0171,2026-06-07 18:18,APL-BTM-F-034,APL-BTM-F-034-L-DEE,L,Deep Blue,1,1299,1299,UPI,paid,delivered,DEL-FC1,Ekart,AWB2389567515,2026-06-08,2026-06-12,2026-06-09,,Delhi,110001
OI-000039,ORD-2026-000027,CUST-0171,2026-06-07 18:18,APL-BTM-M-013,APL-BTM-M-013-M-KHA,M,Khaki,1,1299,1299,UPI,paid,delivered,DEL-FC1,Ekart,AWB2389567515,2026-06-08,2026-06-12,2026-06-09,,Delhi,110001
OI-000040,ORD-2026-000028,CUST-0052,2026-06-12 09:16,APL-BTM-M-011,APL-BTM-M-011-M-NAV,M,Navy,1,1499,1499,COD,paid,delivered,DEL-FC1,Ekart,AWB9952785070,2026-06-13,2026-06-16,2026-06-18,,Kolkata,700001
OI-000041,ORD-2026-000028,CUST-0052,2026-06-12 09:16,APL-BTM-F-080,APL-BTM-F-080-S-COC,S,Cocoa,1,699,699,COD,paid,delivered,DEL-FC1,Ekart,AWB9952785070,2026-06-13,2026-06-16,2026-06-18,,Kolkata,700001
OI-000042,ORD-2026-000028,CUST-0052,2026-06-12 09:16,APL-TOP-M-051,APL-TOP-M-051-XS-OLI,XS,Olive-Cream,1,799,799,COD,paid,delivered,DEL-FC1,Ekart,AWB9952785070,2026-06-13,2026-06-16,2026-06-18,,Kolkata,700001
OI-000043,ORD-2026-000029,CUST-0073,2026-06-18 08:52,APL-ACC-M-035,APL-ACC-M-035-FS-GOL,Free Size,Gold-Green,1,999,999,COD,paid,delivered,MUM-FC1,DTDC,AWB3761190677,2026-06-18,2026-06-24,2026-06-19,,Chandigarh,160017
OI-000044,ORD-2026-000030,CUST-0027,2026-06-26 08:40,APL-BTM-M-014,APL-BTM-M-014-XL-CHA,XL,Charcoal,1,1999,1999,COD,not_charged,cancelled,BLR-FC1,,,,,,,Hyderabad,500001
OI-000045,ORD-2026-000031,CUST-0129,2026-07-09 16:04,APL-BTM-F-030,APL-BTM-F-030-XS-BLU,XS,Blush Pink,1,1499,1499,Credit/Debit Card,paid,delivered,DEL-FC1,Bluedart,AWB2643084753,2026-07-10,2026-07-15,2026-07-14,,Chennai,600001
OI-000046,ORD-2026-000031,CUST-0129,2026-07-09 16:04,APL-TOP-M-005,APL-TOP-M-005-XS-NAV,XS,Navy,1,1499,1499,Credit/Debit Card,paid,delivered,DEL-FC1,Bluedart,AWB2643084753,2026-07-10,2026-07-15,2026-07-14,,Chennai,600001
OI-000047,ORD-2026-000031,CUST-0129,2026-07-09 16:04,APL-ACC-M-089,APL-ACC-M-089-FS-MAC,Free Size,Matte Grey,1,1299,1299,Credit/Debit Card,paid,delivered,DEL-FC1,Bluedart,AWB2643084753,2026-07-10,2026-07-15,2026-07-14,,Chennai,600001
OI-000048,ORD-2026-000032,CUST-0085,2026-06-14 12:39,APL-BTM-F-027,APL-BTM-F-027-XL-BLA,XL,Black,3,1999,5997,UPI,refunded,returned,MUM-FC1,Delhivery,AWB7513471209,2026-06-16,2026-06-21,2026-06-20,Received damaged,Chennai,600001
OI-000049,ORD-2026-000033,CUST-0052,2026-07-09 15:01,APL-ACC-F-043,APL-ACC-F-043-FS-BLU,Free Size,Blush,1,1199,1199,COD,paid,delivered,BLR-FC1,XpressBees,AWB3497404815,2026-07-09,2026-07-11,2026-07-11,,Ahmedabad,380001
OI-000050,ORD-2026-000033,CUST-0052,2026-07-09 15:01,APL-BTM-M-062,APL-BTM-M-062-XL-WHI,XL,White,1,1499,1499,COD,paid,delivered,BLR-FC1,XpressBees,AWB3497404815,2026-07-09,2026-07-11,2026-07-11,,Ahmedabad,380001
OI-000051,ORD-2026-000034,CUST-0131,2026-07-07 13:14,APL-BTM-F-031,APL-BTM-F-031-XL-LIG,XL,Light Blue,1,999,999,COD,pending,out_for_delivery,DEL-FC1,XpressBees,AWB5899300192,2026-07-09,2026-07-14,,,Delhi,110001
OI-000052,ORD-2026-000035,CUST-0085,2026-07-16 21:25,APL-TOP-F-073,APL-TOP-F-073-XS-RUS,XS,Rust,1,1499,1499,Credit/Debit Card,paid,confirmed,BLR-FC1,,,,,,,Chandigarh,160017
OI-000053,ORD-2026-000036,CUST-0151,2026-07-15 20:17,APL-BTM-M-063,APL-BTM-M-063-M-COB,M,Cobalt,1,799,799,UPI,paid,shipped,BLR-FC1,Bluedart,AWB7489536623,2026-07-16,2026-07-21,,,Lucknow,226001
OI-000054,ORD-2026-000037,CUST-0110,2026-06-10 18:25,APL-TOP-F-072,APL-TOP-F-072-XXL-BLA,XXL,Black,1,2999,2999,COD,paid,delivered,DEL-FC1,Delhivery,AWB9029350509,2026-06-13,2026-06-18,2026-06-17,,Chandigarh,160017
OI-000055,ORD-2026-000038,CUST-0121,2026-07-01 12:47,APL-BTM-F-029,APL-BTM-F-029-M-BLA,M,Black,1,1499,1499,COD,paid,delivered,BLR-FC1,XpressBees,AWB1514290216,2026-07-03,2026-07-08,2026-07-09,,Hyderabad,500001
OI-000056,ORD-2026-000039,CUST-0128,2026-06-26 13:48,APL-BTM-M-015,APL-BTM-M-015-XS-BLA,XS,Black,1,999,999,UPI,paid,delivered,DEL-FC1,Ekart,AWB6322008130,2026-06-28,2026-07-02,2026-07-01,,Mumbai,400001
OI-000057,ORD-2026-000039,CUST-0128,2026-06-26 13:48,APL-TOP-M-001,APL-TOP-M-001-XXL-BLA,XXL,Black,1,499,499,UPI,paid,delivered,DEL-FC1,Ekart,AWB6322008130,2026-06-28,2026-07-02,2026-07-01,,Mumbai,400001
OI-000058,ORD-2026-000039,CUST-0128,2026-06-26 13:48,APL-TOP-M-055,APL-TOP-M-055-M-CAM,M,Camel,1,1799,1799,UPI,paid,delivered,DEL-FC1,Ekart,AWB6322008130,2026-06-28,2026-07-02,2026-07-01,,Mumbai,400001
OI-000059,ORD-2026-000040,CUST-0070,2026-07-10 12:36,APL-TOP-M-001,APL-TOP-M-001-XS-NAV,XS,Navy,1,499,499,COD,paid,delivered,DEL-FC1,Delhivery,AWB7209914506,2026-07-11,2026-07-16,2026-07-14,,Lucknow,226001
OI-000060,ORD-2026-000040,CUST-0070,2026-07-10 12:36,APL-BTM-M-011,APL-BTM-M-011-XS-KHA,XS,Khaki,1,1499,1499,COD,paid,delivered,DEL-FC1,Delhivery,AWB7209914506,2026-07-11,2026-07-16,2026-07-14,,Lucknow,226001
OI-000061,ORD-2026-000040,CUST-0070,2026-07-10 12:36,APL-TOP-M-001,APL-TOP-M-001-XXL-NAV,XXL,Navy,1,499,499,COD,paid,delivered,DEL-FC1,Delhivery,AWB7209914506,2026-07-11,2026-07-16,2026-07-14,,Lucknow,226001
OI-000062,ORD-2026-000041,CUST-0151,2026-07-10 22:59,APL-TOP-M-059,APL-TOP-M-059-L-IVO,L,Ivory,1,2299,2299,COD,paid,delivered,DEL-FC1,Delhivery,AWB3929490109,2026-07-11,2026-07-14,2026-07-17,,Ahmedabad,380001
OI-000063,ORD-2026-000041,CUST-0151,2026-07-10 22:59,APL-TOP-M-007,APL-TOP-M-007-M-WHI,M,White,1,1499,1499,COD,paid,delivered,DEL-FC1,Delhivery,AWB3929490109,2026-07-11,2026-07-14,2026-07-17,,Ahmedabad,380001
OI-000064,ORD-2026-000042,CUST-0033,2026-06-03 18:45,APL-TOP-M-002,APL-TOP-M-002-S-SKY,S,Sky Blue,1,1499,1499,UPI,paid,delivered,BLR-FC1,Delhivery,AWB3503497687,2026-06-03,2026-06-07,2026-06-07,,Lucknow,226001
OI-000065,ORD-2026-000043,CUST-0078,2026-07-01 13:41,APL-TOP-M-057,APL-TOP-M-057-XS-BLA,XS,Black,1,2499,2499,COD,paid,delivered,DEL-FC1,Delhivery,AWB1237549135,2026-07-03,2026-07-07,2026-07-05,,Jaipur,302001
OI-000066,ORD-2026-000044,CUST-0059,2026-06-02 11:31,APL-TOP-M-053,APL-TOP-M-053-M-WHI,M,White,1,1999,1999,UPI,refunded,cancelled,BLR-FC1,,,,,,,Kolkata,700001
OI-000067,ORD-2026-000045,CUST-0130,2026-07-15 11:19,APL-BTM-M-010,APL-BTM-M-010-L-JET,L,Jet Black,2,1999,3998,COD,pending,shipped,BLR-FC1,Delhivery,AWB6254137170,2026-07-17,2026-07-23,,,Chennai,600001
OI-000068,ORD-2026-000046,CUST-0038,2026-07-11 08:38,APL-ACC-F-098,APL-ACC-F-098-L-NUD,L,Nude,1,399,399,UPI,paid,delivered,BLR-FC1,Ekart,AWB5001172194,2026-07-13,2026-07-15,2026-07-16,,Kolkata,700001
OI-000069,ORD-2026-000047,CUST-0009,2026-06-15 21:23,APL-TOP-M-053,APL-TOP-M-053-XXL-SAN,XXL,Sand,1,1999,1999,UPI,paid,delivered,BLR-FC1,Delhivery,AWB4259042513,2026-06-17,2026-06-19,2026-06-21,,Mumbai,400001
OI-000070,ORD-2026-000048,CUST-0111,2026-07-15 11:23,APL-TOP-M-009,APL-TOP-M-009-S-BLA,S,Black,1,3999,3999,UPI,paid,shipped,BLR-FC1,Delhivery,AWB8587781294,2026-07-17,2026-07-20,,,Chandigarh,160017
OI-000071,ORD-2026-000049,CUST-0016,2026-06-14 22:38,APL-BTM-F-080,APL-BTM-F-080-XS-COC,XS,Cocoa,2,699,1398,Wallet,paid,delivered,DEL-FC1,Ekart,AWB9264496652,2026-06-17,2026-06-21,2026-06-20,,Kochi,682001
OI-000072,ORD-2026-000050,CUST-0163,2026-07-10 21:14,APL-TOP-F-023,APL-TOP-F-023-XS-CHA,XS,Champagne,1,2299,2299,COD,paid,delivered,BLR-FC1,XpressBees,AWB1785718034,2026-07-12,2026-07-17,2026-07-18,,Kolkata,700001
OI-000073,ORD-2026-000051,CUST-0084,2026-06-25 20:50,APL-TOP-M-008,APL-TOP-M-008-XS-STE,XS,Steel Grey,1,799,799,COD,paid,delivered,DEL-FC1,XpressBees,AWB7634077870,2026-06-26,2026-06-28,2026-06-28,,Delhi,110001
OI-000074,ORD-2026-000051,CUST-0084,2026-06-25 20:50,APL-TOP-M-006,APL-TOP-M-006-S-OLI,S,Olive,1,2999,2999,COD,paid,delivered,DEL-FC1,XpressBees,AWB7634077870,2026-06-26,2026-06-28,2026-06-28,,Delhi,110001
OI-000075,ORD-2026-000051,CUST-0084,2026-06-25 20:50,APL-BTM-F-028,APL-BTM-F-028-XS-BLA,XS,Black,1,1499,1499,COD,paid,delivered,DEL-FC1,XpressBees,AWB7634077870,2026-06-26,2026-06-28,2026-06-28,,Delhi,110001
OI-000076,ORD-2026-000051,CUST-0084,2026-06-25 20:50,APL-ACC-M-091,APL-ACC-M-091-FS-BEI,Free Size,Beige,1,799,799,COD,paid,delivered,DEL-FC1,XpressBees,AWB7634077870,2026-06-26,2026-06-28,2026-06-28,,Delhi,110001
OI-000077,ORD-2026-000052,CUST-0115,2026-07-07 15:39,APL-BTM-M-013,APL-BTM-M-013-XL-STO,XL,Stone Grey,1,1299,1299,COD,paid,delivered,DEL-FC1,Ekart,AWB6444583503,2026-07-08,2026-07-14,2026-07-11,,Lucknow,226001
OI-000078,ORD-2026-000052,CUST-0115,2026-07-07 15:39,APL-TOP-M-057,APL-TOP-M-057-XXL-OLI,XXL,Olive,1,2499,2499,COD,paid,delivered,DEL-FC1,Ekart,AWB6444583503,2026-07-08,2026-07-14,2026-07-11,,Lucknow,226001
OI-000079,ORD-2026-000053,CUST-0040,2026-06-04 11:20,APL-TOP-F-020,APL-TOP-F-020-XS-SAG,XS,Sage,1,799,799,UPI,paid,delivered,DEL-FC1,Delhivery,AWB1439514423,2026-06-06,2026-06-08,2026-06-10,,Jaipur,302001
OI-000080,ORD-2026-000053,CUST-0040,2026-06-04 11:20,APL-TOP-M-059,APL-TOP-M-059-XL-MAR,XL,Maroon,1,2299,2299,UPI,paid,delivered,DEL-FC1,Delhivery,AWB1439514423,2026-06-06,2026-06-08,2026-06-10,,Jaipur,302001
OI-000081,ORD-2026-000053,CUST-0040,2026-06-04 11:20,APL-ACC-M-046,APL-ACC-M-046-M-GRE,M,Grey,1,499,499,UPI,paid,delivered,DEL-FC1,Delhivery,AWB1439514423,2026-06-06,2026-06-08,2026-06-10,,Jaipur,302001
OI-000082,ORD-2026-000054,CUST-0049,2026-06-09 11:59,APL-TOP-F-023,APL-TOP-F-023-S-EME,S,Emerald,1,2299,2299,UPI,paid,delivered,BLR-FC1,Delhivery,AWB2501948479,2026-06-09,2026-06-15,2026-06-10,,Kochi,682001
OI-000083,ORD-2026-000055,CUST-0066,2026-07-17 21:00,APL-BTM-F-082,APL-BTM-F-082-XL-CHE,XL,Checked Grey,1,1199,1199,COD,pending,confirmed,BLR-FC1,,,,,,,Kochi,682001
OI-000084,ORD-2026-000056,CUST-0017,2026-06-11 18:35,APL-BTM-M-067,APL-BTM-M-067-XL-RUS,XL,Rust,1,1799,1799,COD,paid,delivered,MUM-FC1,Ekart,AWB5515559764,2026-06-12,2026-06-16,2026-06-18,,Kolkata,700001
OI-000085,ORD-2026-000056,CUST-0017,2026-06-11 18:35,APL-BTM-F-078,APL-BTM-F-078-M-DAR,M,Dark Blue,2,1999,3998,COD,paid,delivered,MUM-FC1,Ekart,AWB5515559764,2026-06-12,2026-06-16,2026-06-18,,Kolkata,700001
OI-000086,ORD-2026-000057,CUST-0094,2026-06-28 14:13,APL-TOP-F-072,APL-TOP-F-072-XS-MAU,XS,Mauve,1,2999,2999,UPI,paid,delivered,DEL-FC1,XpressBees,AWB4320243759,2026-06-30,2026-07-05,2026-07-02,,Mumbai,400001
OI-000087,ORD-2026-000058,CUST-0102,2026-07-16 19:32,APL-TOP-M-005,APL-TOP-M-005-XXL-BEI,XXL,Beige,1,1499,1499,UPI,paid,shipped,DEL-FC1,Delhivery,AWB2295427821,2026-07-18,2026-07-21,,,Delhi,110001
OI-000088,ORD-2026-000058,CUST-0102,2026-07-16 19:32,APL-BTM-M-060,APL-BTM-M-060-XL-WAS,XL,Washed Blue,2,1999,3998,UPI,paid,shipped,DEL-FC1,Delhivery,AWB2295427821,2026-07-18,2026-07-21,,,Delhi,110001
OI-000089,ORD-2026-000058,CUST-0102,2026-07-16 19:32,APL-BTM-F-031,APL-BTM-F-031-XL-LIG,XL,Light Blue,1,999,999,UPI,paid,shipped,DEL-FC1,Delhivery,AWB2295427821,2026-07-18,2026-07-21,,,Delhi,110001
OI-000090,ORD-2026-000059,CUST-0159,2026-06-05 18:50,APL-TOP-F-023,APL-TOP-F-023-XXL-EME,XXL,Emerald,1,2299,2299,COD,paid,delivered,BLR-FC1,Bluedart,AWB3224331435,2026-06-07,2026-06-09,2026-06-11,,Hyderabad,500001
OI-000091,ORD-2026-000060,CUST-0050,2026-07-18 18:53,APL-ACC-M-039,APL-ACC-M-039-FS-BLA,Free Size,Black-Red,1,1299,1299,COD,pending,confirmed,BLR-FC1,,,,,,,Lucknow,226001
OI-000092,ORD-2026-000061,CUST-0169,2026-06-24 10:01,APL-TOP-M-059,APL-TOP-M-059-L-IVO,L,Ivory,1,2299,2299,Wallet,refunded,cancelled,DEL-FC1,,,,,,,Ahmedabad,380001
OI-000093,ORD-2026-000061,CUST-0169,2026-06-24 10:01,APL-BTM-M-013,APL-BTM-M-013-XS-KHA,XS,Khaki,1,1299,1299,Wallet,refunded,cancelled,DEL-FC1,,,,,,,Ahmedabad,380001
OI-000094,ORD-2026-000062,CUST-0018,2026-07-15 13:05,APL-BTM-M-065,APL-BTM-M-065-XL-OLI,XL,Olive,1,1999,1999,COD,pending,packed,MUM-FC1,,,,,,,Bengaluru,560001
OI-000095,ORD-2026-000063,CUST-0131,2026-07-15 18:50,APL-BTM-F-084,APL-BTM-F-084-S-TAU,S,Taupe,1,1499,1499,Wallet,paid,confirmed,MUM-FC1,,,,,,,Chandigarh,160017
OI-000096,ORD-2026-000064,CUST-0043,2026-06-15 11:04,APL-BTM-F-084,APL-BTM-F-084-XL-BLA,XL,Black,1,1499,1499,UPI,paid,delivered,MUM-FC1,Ekart,AWB9245941268,2026-06-16,2026-06-20,2026-06-18,,Pune,411001
OI-000097,ORD-2026-000064,CUST-0043,2026-06-15 11:04,APL-TOP-M-058,APL-TOP-M-058-XXL-WHI,XXL,White,1,599,599,UPI,paid,delivered,MUM-FC1,Ekart,AWB9245941268,2026-06-16,2026-06-20,2026-06-18,,Pune,411001
OI-000098,ORD-2026-000065,CUST-0047,2026-06-19 12:43,APL-ACC-M-092,APL-ACC-M-092-FS-BLA,Free Size,Black-Grey,1,699,699,Credit/Debit Card,paid,delivered,DEL-FC1,DTDC,AWB4848724787,2026-06-19,2026-06-23,2026-06-22,,Chennai,600001
OI-000099,ORD-2026-000065,CUST-0047,2026-06-19 12:43,APL-TOP-M-051,APL-TOP-M-051-M-OLI,M,Olive-Cream,1,799,799,Credit/Debit Card,paid,delivered,DEL-FC1,DTDC,AWB4848724787,2026-06-19,2026-06-23,2026-06-22,,Chennai,600001
OI-000100,ORD-2026-000065,CUST-0047,2026-06-19 12:43,APL-ACC-M-046,APL-ACC-M-046-S-GRE,S,Grey,1,499,499,Credit/Debit Card,paid,delivered,DEL-FC1,DTDC,AWB4848724787,2026-06-19,2026-06-23,2026-06-22,,Chennai,600001
OI-000101,ORD-2026-000065,CUST-0047,2026-06-19 12:43,APL-BTM-F-028,APL-BTM-F-028-XS-BLA,XS,Black,1,1499,1499,Credit/Debit Card,paid,delivered,DEL-FC1,DTDC,AWB4848724787,2026-06-19,2026-06-23,2026-06-22,,Chennai,600001
OI-000102,ORD-2026-000066,CUST-0021,2026-07-05 19:03,APL-BTM-F-079,APL-BTM-F-079-XS-BLA,XS,Black,1,1299,1299,UPI,paid,delivered,MUM-FC1,Ekart,AWB1951925865,2026-07-07,2026-07-09,2026-07-10,,Kochi,682001
OI-000103,ORD-2026-000066,CUST-0021,2026-07-05 19:03,APL-BTM-F-078,APL-BTM-F-078-L-DAR,L,Dark Blue,2,1999,3998,UPI,paid,delivered,MUM-FC1,Ekart,AWB1951925865,2026-07-07,2026-07-09,2026-07-10,,Kochi,682001
OI-000104,ORD-2026-000067,CUST-0034,2026-06-20 08:01,APL-BTM-F-077,APL-BTM-F-077-XXL-ECR,XXL,Ecru,1,2299,2299,UPI,paid,delivered,BLR-FC1,DTDC,AWB1574351847,2026-06-20,2026-06-26,2026-06-23,,Jaipur,302001
OI-000105,ORD-2026-000067,CUST-0034,2026-06-20 08:01,APL-TOP-F-023,APL-TOP-F-023-XL-CHA,XL,Champagne,2,2299,4598,UPI,paid,delivered,BLR-FC1,DTDC,AWB1574351847,2026-06-20,2026-06-26,2026-06-23,,Jaipur,302001
OI-000106,ORD-2026-000068,CUST-0063,2026-06-26 09:40,APL-BTM-M-060,APL-BTM-M-060-L-GRE,L,Grey,1,1999,1999,UPI,paid,delivered,DEL-FC1,Delhivery,AWB7779487760,2026-06-28,2026-07-02,2026-07-03,,Chennai,600001
OI-000107,ORD-2026-000068,CUST-0063,2026-06-26 09:40,APL-TOP-F-022,APL-TOP-F-022-XL-WHI,XL,White,1,1499,1499,UPI,paid,delivered,DEL-FC1,Delhivery,AWB7779487760,2026-06-28,2026-07-02,2026-07-03,,Chennai,600001
OI-000108,ORD-2026-000068,CUST-0063,2026-06-26 09:40,APL-BTM-M-012,APL-BTM-M-012-M-BLA,M,Black,1,1499,1499,UPI,paid,delivered,DEL-FC1,Delhivery,AWB7779487760,2026-06-28,2026-07-02,2026-07-03,,Chennai,600001
OI-000109,ORD-2026-000068,CUST-0063,2026-06-26 09:40,APL-TOP-M-001,APL-TOP-M-001-XS-WHI,XS,White,1,499,499,UPI,paid,delivered,DEL-FC1,Delhivery,AWB7779487760,2026-06-28,2026-07-02,2026-07-03,,Chennai,600001
OI-000110,ORD-2026-000069,CUST-0015,2026-07-08 17:35,APL-BTM-F-083,APL-BTM-F-083-XS-DEE,XS,Deep Plum,1,1499,1499,COD,paid,delivered,MUM-FC1,DTDC,AWB2328787694,2026-07-11,2026-07-16,2026-07-14,,Jaipur,302001
OI-000111,ORD-2026-000069,CUST-0015,2026-07-08 17:35,APL-TOP-M-003,APL-TOP-M-003-L-BOT,L,Bottle Green,1,1199,1199,COD,paid,delivered,MUM-FC1,DTDC,AWB2328787694,2026-07-11,2026-07-16,2026-07-14,,Jaipur,302001
OI-000112,ORD-2026-000070,CUST-0120,2026-07-15 10:14,APL-ACC-F-098,APL-ACC-F-098-M-NUD,M,Nude,1,399,399,COD,pending,shipped,BLR-FC1,Ekart,AWB8212258901,2026-07-17,2026-07-21,,,Mumbai,400001
OI-000113,ORD-2026-000070,CUST-0120,2026-07-15 10:14,APL-ACC-F-044,APL-ACC-F-044-FS-RUS,Free Size,Rust,2,799,1598,COD,pending,shipped,BLR-FC1,Ekart,AWB8212258901,2026-07-17,2026-07-21,,,Mumbai,400001
OI-000114,ORD-2026-000071,CUST-0056,2026-07-18 10:16,APL-TOP-F-071,APL-TOP-F-071-XS-LIG,XS,Light Blue,1,2499,2499,UPI,paid,packed,MUM-FC1,,,,,,,Delhi,110001
OI-000115,ORD-2026-000072,CUST-0062,2026-06-08 22:44,APL-ACC-F-050,APL-ACC-F-050-M-WHI,M,White,1,499,499,COD,paid,delivered,MUM-FC1,Delhivery,AWB6205354788,2026-06-09,2026-06-12,2026-06-14,,Ahmedabad,380001
OI-000116,ORD-2026-000072,CUST-0062,2026-06-08 22:44,APL-ACC-F-038,APL-ACC-F-038-FS-GUN,Free Size,Gunmetal,1,899,899,COD,paid,delivered,MUM-FC1,Delhivery,AWB6205354788,2026-06-09,2026-06-12,2026-06-14,,Ahmedabad,380001
OI-000117,ORD-2026-000073,CUST-0160,2026-06-29 10:44,APL-BTM-M-017,APL-BTM-M-017-M-WHI,M,White,2,999,1998,UPI,refunded,cancelled,MUM-FC1,,,,,,,Chandigarh,160017
OI-000118,ORD-2026-000073,CUST-0160,2026-06-29 10:44,APL-TOP-F-021,APL-TOP-F-021-XS-TEA,XS,Teal,1,2299,2299,UPI,refunded,cancelled,MUM-FC1,,,,,,,Chandigarh,160017
OI-000119,ORD-2026-000074,CUST-0052,2026-06-10 22:42,APL-ACC-F-093,APL-ACC-F-093-FS-BLA,Free Size,Black,1,799,799,Netbanking,paid,delivered,DEL-FC1,Bluedart,AWB1145430293,2026-06-11,2026-06-13,2026-06-17,,Kolkata,700001
OI-000120,ORD-2026-000075,CUST-0123,2026-07-18 20:48,APL-BTM-F-028,APL-BTM-F-028-L-PLU,L,Plum,1,1499,1499,UPI,paid,pending,DEL-FC1,,,,,,,Chennai,600001
OI-000121,ORD-2026-000076,CUST-0095,2026-06-13 17:32,APL-TOP-M-007,APL-TOP-M-007-XXL-WHI,XXL,White,1,1499,1499,Credit/Debit Card,paid,delivered,DEL-FC1,XpressBees,AWB9796595952,2026-06-15,2026-06-19,2026-06-20,,Kolkata,700001
OI-000122,ORD-2026-000077,CUST-0074,2026-07-17 11:18,APL-BTM-M-013,APL-BTM-M-013-L-KHA,L,Khaki,1,1299,1299,UPI,paid,packed,DEL-FC1,,,,,,,Ahmedabad,380001
OI-000123,ORD-2026-000077,CUST-0074,2026-07-17 11:18,APL-BTM-M-060,APL-BTM-M-060-XL-GRE,XL,Grey,2,1999,3998,UPI,paid,packed,DEL-FC1,,,,,,,Ahmedabad,380001
OI-000124,ORD-2026-000078,CUST-0132,2026-05-31 12:52,APL-TOP-F-024,APL-TOP-F-024-L-LIL,L,Lilac,1,1499,1499,COD,paid,delivered,MUM-FC1,Delhivery,AWB4379852075,2026-06-02,2026-06-08,2026-06-08,,Mumbai,400001
OI-000125,ORD-2026-000079,CUST-0102,2026-06-14 14:56,APL-TOP-M-004,APL-TOP-M-004-M-MAR,M,Maroon,1,1999,1999,UPI,paid,delivered,MUM-FC1,DTDC,AWB9349073211,2026-06-14,2026-06-17,2026-06-16,,Kolkata,700001
OI-000126,ORD-2026-000080,CUST-0084,2026-06-07 15:42,APL-TOP-F-023,APL-TOP-F-023-M-CHA,M,Champagne,1,2299,2299,COD,paid,delivered,BLR-FC1,DTDC,AWB6117770464,2026-06-07,2026-06-11,2026-06-10,,Chandigarh,160017
OI-000127,ORD-2026-000080,CUST-0084,2026-06-07 15:42,APL-BTM-F-032,APL-BTM-F-032-XXL-TAU,XXL,Taupe,1,1799,1799,COD,paid,delivered,BLR-FC1,DTDC,AWB6117770464,2026-06-07,2026-06-11,2026-06-10,,Chandigarh,160017
OI-000128,ORD-2026-000081,CUST-0090,2026-06-30 11:16,APL-BTM-F-028,APL-BTM-F-028-XXL-BLA,XXL,Black,1,1499,1499,UPI,paid,delivered,DEL-FC1,Bluedart,AWB8708984410,2026-07-01,2026-07-04,2026-07-07,,Lucknow,226001
OI-000129,ORD-2026-000082,CUST-0164,2026-07-01 22:24,APL-TOP-F-071,APL-TOP-F-071-L-WHI,L,White,1,2499,2499,Credit/Debit Card,refunded,returned,MUM-FC1,Bluedart,AWB2989769241,2026-07-04,2026-07-08,2026-07-06,Size too large,Kolkata,700001
OI-000130,ORD-2026-000083,CUST-0111,2026-06-21 18:26,APL-BTM-M-061,APL-BTM-M-061-XS-CHA,XS,Charcoal,1,1799,1799,COD,paid,delivered,MUM-FC1,DTDC,AWB3755388264,2026-06-22,2026-06-25,2026-06-26,,Lucknow,226001
OI-000131,ORD-2026-000084,CUST-0026,2026-07-02 14:45,APL-BTM-F-082,APL-BTM-F-082-S-CHE,S,Checked Grey,2,1199,2398,Credit/Debit Card,paid,delivered,BLR-FC1,Delhivery,AWB8105979166,2026-07-04,2026-07-10,2026-07-05,,Ahmedabad,380001
OI-000132,ORD-2026-000085,CUST-0028,2026-07-17 10:45,APL-BTM-F-083,APL-BTM-F-083-XL-BLA,XL,Black,1,1499,1499,COD,pending,packed,MUM-FC1,,,,,,,Mumbai,400001
OI-000133,ORD-2026-000086,CUST-0164,2026-06-28 13:26,APL-BTM-M-014,APL-BTM-M-014-XS-CHA,XS,Charcoal,1,1999,1999,Wallet,paid,delivered,BLR-FC1,DTDC,AWB5538141076,2026-06-29,2026-07-05,2026-07-02,,Delhi,110001
OI-000134,ORD-2026-000087,CUST-0108,2026-06-19 18:22,APL-TOP-M-052,APL-TOP-M-052-XL-RED,XL,Red-Black Check,1,1499,1499,UPI,paid,delivered,MUM-FC1,Bluedart,AWB1706665356,2026-06-21,2026-06-24,2026-06-22,,Kolkata,700001
OI-000135,ORD-2026-000087,CUST-0108,2026-06-19 18:22,APL-BTM-F-083,APL-BTM-F-083-S-BLA,S,Black,1,1499,1499,UPI,paid,delivered,MUM-FC1,Bluedart,AWB1706665356,2026-06-21,2026-06-24,2026-06-22,,Kolkata,700001
OI-000136,ORD-2026-000087,CUST-0108,2026-06-19 18:22,APL-TOP-M-056,APL-TOP-M-056-XXL-WAS,XXL,Washed Black,1,2999,2999,UPI,paid,delivered,MUM-FC1,Bluedart,AWB1706665356,2026-06-21,2026-06-24,2026-06-22,,Kolkata,700001
OI-000137,ORD-2026-000088,CUST-0106,2026-07-01 16:41,APL-ACC-F-047,APL-ACC-F-047-M-WHI,M,White,1,499,499,COD,paid,delivered,BLR-FC1,XpressBees,AWB3915503764,2026-07-03,2026-07-08,2026-07-07,,Hyderabad,500001
OI-000138,ORD-2026-000089,CUST-0168,2026-06-25 14:39,APL-TOP-M-002,APL-TOP-M-002-XS-WHI,XS,White,2,1499,2998,COD,paid,delivered,BLR-FC1,Delhivery,AWB8865493865,2026-06-26,2026-06-30,2026-07-02,,Chennai,600001
OI-000139,ORD-2026-000089,CUST-0168,2026-06-25 14:39,APL-BTM-F-029,APL-BTM-F-029-L-BLA,L,Black,1,1499,1499,COD,paid,delivered,BLR-FC1,Delhivery,AWB8865493865,2026-06-26,2026-06-30,2026-07-02,,Chennai,600001
OI-000140,ORD-2026-000090,CUST-0065,2026-06-21 21:14,APL-TOP-M-053,APL-TOP-M-053-XXL-WHI,XXL,White,1,1999,1999,Credit/Debit Card,paid,delivered,BLR-FC1,DTDC,AWB9978224563,2026-06-22,2026-06-28,2026-06-27,,Hyderabad,500001
OI-000141,ORD-2026-000090,CUST-0065,2026-06-21 21:14,APL-TOP-F-026,APL-TOP-F-026-XS-SKY,XS,Sky,1,999,999,Credit/Debit Card,paid,delivered,BLR-FC1,DTDC,AWB9978224563,2026-06-22,2026-06-28,2026-06-27,,Hyderabad,500001
OI-000142,ORD-2026-000091,CUST-0021,2026-06-26 22:07,APL-TOP-M-002,APL-TOP-M-002-XL-SKY,XL,Sky Blue,1,1499,1499,UPI,paid,delivered,BLR-FC1,XpressBees,AWB3110427650,2026-06-28,2026-07-03,2026-07-02,,Delhi,110001
OI-000143,ORD-2026-000092,CUST-0083,2026-06-22 18:18,APL-BTM-F-033,APL-BTM-F-033-XS-ROS,XS,Rosewood,1,1299,1299,COD,paid,delivered,DEL-FC1,Bluedart,AWB9678238138,2026-06-25,2026-06-27,2026-06-26,,Lucknow,226001
OI-000144,ORD-2026-000092,CUST-0083,2026-06-22 18:18,APL-TOP-M-007,APL-TOP-M-007-S-MUS,S,Mustard,1,1499,1499,COD,paid,delivered,DEL-FC1,Bluedart,AWB9678238138,2026-06-25,2026-06-27,2026-06-26,,Lucknow,226001
OI-000145,ORD-2026-000093,CUST-0037,2026-07-15 18:08,APL-TOP-M-056,APL-TOP-M-056-M-MID,M,Mid-Blue,1,2999,2999,COD,pending,confirmed,MUM-FC1,,,,,,,Ahmedabad,380001
OI-000146,ORD-2026-000093,CUST-0037,2026-07-15 18:08,APL-BTM-M-064,APL-BTM-M-064-S-KHA,S,Khaki,1,999,999,COD,pending,confirmed,MUM-FC1,,,,,,,Ahmedabad,380001
OI-000147,ORD-2026-000094,CUST-0142,2026-07-16 12:22,APL-BTM-M-065,APL-BTM-M-065-XS-BLA,XS,Black,1,1999,1999,COD,pending,shipped,MUM-FC1,Ekart,AWB4401404243,2026-07-16,2026-07-21,,,Chennai,600001
OI-000148,ORD-2026-000095,CUST-0033,2026-06-19 20:02,APL-TOP-M-006,APL-TOP-M-006-S-BLA,S,Black,2,2999,5998,COD,paid,delivered,DEL-FC1,XpressBees,AWB1199272221,2026-06-20,2026-06-22,2026-06-24,,Kochi,682001
OI-000149,ORD-2026-000095,CUST-0033,2026-06-19 20:02,APL-TOP-F-068,APL-TOP-F-068-M-IVO,M,Ivory,1,1299,1299,COD,paid,delivered,DEL-FC1,XpressBees,AWB1199272221,2026-06-20,2026-06-22,2026-06-24,,Kochi,682001
OI-000150,ORD-2026-000096,CUST-0158,2026-07-18 11:02,APL-BTM-F-078,APL-BTM-F-078-XXL-DAR,XXL,Dark Blue,1,1999,1999,Credit/Debit Card,paid,confirmed,MUM-FC1,,,,,,,Mumbai,400001
OI-000151,ORD-2026-000096,CUST-0158,2026-07-18 11:02,APL-TOP-F-024,APL-TOP-F-024-XS-GRE,XS,Grey,1,1499,1499,Credit/Debit Card,paid,confirmed,MUM-FC1,,,,,,,Mumbai,400001
OI-000152,ORD-2026-000096,CUST-0158,2026-07-18 11:02,APL-TOP-M-003,APL-TOP-M-003-XS-GRE,XS,Grey Melange,1,1199,1199,Credit/Debit Card,paid,confirmed,MUM-FC1,,,,,,,Mumbai,400001
OI-000153,ORD-2026-000097,CUST-0144,2026-06-07 10:26,APL-BTM-M-017,APL-BTM-M-017-XS-SAG,XS,Sage,1,999,999,UPI,refunded,cancelled,MUM-FC1,,,,,,,Kochi,682001
OI-000154,ORD-2026-000097,CUST-0144,2026-06-07 10:26,APL-BTM-F-084,APL-BTM-F-084-XXL-TAU,XXL,Taupe,1,1499,1499,UPI,refunded,cancelled,MUM-FC1,,,,,,,Kochi,682001
OI-000155,ORD-2026-000097,CUST-0144,2026-06-07 10:26,APL-ACC-M-097,APL-ACC-M-097-M-ASS,M,Assorted Prints,1,799,799,UPI,refunded,cancelled,MUM-FC1,,,,,,,Kochi,682001
OI-000156,ORD-2026-000097,CUST-0144,2026-06-07 10:26,APL-TOP-M-004,APL-TOP-M-004-XXL-MAR,XXL,Maroon,1,1999,1999,UPI,refunded,cancelled,MUM-FC1,,,,,,,Kochi,682001
OI-000157,ORD-2026-000098,CUST-0104,2026-07-15 14:38,APL-BTM-F-077,APL-BTM-F-077-L-ECR,L,Ecru,1,2299,2299,Wallet,paid,confirmed,BLR-FC1,,,,,,,Ahmedabad,380001
OI-000158,ORD-2026-000099,CUST-0039,2026-06-26 08:43,APL-TOP-M-005,APL-TOP-M-005-M-NAV,M,Navy,1,1499,1499,Credit/Debit Card,paid,delivered,DEL-FC1,Bluedart,AWB6335510656,2026-06-27,2026-07-01,2026-07-03,,Hyderabad,500001
OI-000159,ORD-2026-000099,CUST-0039,2026-06-26 08:43,APL-ACC-M-046,APL-ACC-M-046-L-WHI,L,White,1,499,499,Credit/Debit Card,paid,delivered,DEL-FC1,Bluedart,AWB6335510656,2026-06-27,2026-07-01,2026-07-03,,Hyderabad,500001
OI-000160,ORD-2026-000100,CUST-0038,2026-07-09 18:35,APL-BTM-F-080,APL-BTM-F-080-L-COC,L,Cocoa,1,699,699,Wallet,paid,delivered,DEL-FC1,Delhivery,AWB3655250739,2026-07-09,2026-07-11,2026-07-13,,Chennai,600001
OI-000161,ORD-2026-000101,CUST-0125,2026-06-30 17:46,APL-TOP-M-054,APL-TOP-M-054-S-FOR,S,Forest Green,1,1499,1499,UPI,paid,delivered,BLR-FC1,Bluedart,AWB8671852121,2026-07-03,2026-07-08,2026-07-06,,Mumbai,400001
OI-000162,ORD-2026-000101,CUST-0125,2026-06-30 17:46,APL-TOP-M-053,APL-TOP-M-053-M-WHI,M,White,1,1999,1999,UPI,paid,delivered,BLR-FC1,Bluedart,AWB8671852121,2026-07-03,2026-07-08,2026-07-06,,Mumbai,400001
OI-000163,ORD-2026-000102,CUST-0167,2026-06-09 13:55,APL-ACC-F-043,APL-ACC-F-043-FS-BLU,Free Size,Blush,1,1199,1199,Credit/Debit Card,paid,delivered,BLR-FC1,DTDC,AWB7233154913,2026-06-10,2026-06-15,2026-06-16,,Kochi,682001
OI-000164,ORD-2026-000103,CUST-0041,2026-06-10 22:50,APL-TOP-F-072,APL-TOP-F-072-L-BLA,L,Black,1,2999,2999,Credit/Debit Card,refunded,cancelled,DEL-FC1,,,,,,,Kochi,682001
OI-000165,ORD-2026-000103,CUST-0041,2026-06-10 22:50,APL-TOP-F-068,APL-TOP-F-068-S-IVO,S,Ivory,1,1299,1299,Credit/Debit Card,refunded,cancelled,DEL-FC1,,,,,,,Kochi,682001
OI-000166,ORD-2026-000103,CUST-0041,2026-06-10 22:50,APL-BTM-F-034,APL-BTM-F-034-L-BLA,L,Black,1,1299,1299,Credit/Debit Card,refunded,cancelled,DEL-FC1,,,,,,,Kochi,682001
OI-000167,ORD-2026-000103,CUST-0041,2026-06-10 22:50,APL-TOP-F-070,APL-TOP-F-070-S-NAV,S,Navy,1,1199,1199,Credit/Debit Card,refunded,cancelled,DEL-FC1,,,,,,,Kochi,682001
OI-000168,ORD-2026-000104,CUST-0060,2026-07-11 14:29,APL-BTM-F-032,APL-BTM-F-032-L-BLA,L,Black,1,1799,1799,COD,pending,shipped,BLR-FC1,XpressBees,AWB8759180331,2026-07-13,2026-07-19,,,Bengaluru,560001
OI-000169,ORD-2026-000104,CUST-0060,2026-07-11 14:29,APL-TOP-F-073,APL-TOP-F-073-M-RUS,M,Rust,2,1499,2998,COD,pending,shipped,BLR-FC1,XpressBees,AWB8759180331,2026-07-13,2026-07-19,,,Bengaluru,560001
OI-000170,ORD-2026-000105,CUST-0134,2026-06-24 11:12,APL-BTM-F-082,APL-BTM-F-082-L-CHE,L,Checked Grey,1,1199,1199,Credit/Debit Card,paid,delivered,BLR-FC1,DTDC,AWB4680575349,2026-06-26,2026-07-01,2026-06-28,,Chennai,600001
OI-000171,ORD-2026-000106,CUST-0028,2026-06-25 09:09,APL-BTM-F-028,APL-BTM-F-028-M-PLU,M,Plum,2,1499,2998,UPI,refunded,returned,DEL-FC1,Delhivery,AWB3436036525,2026-06-25,2026-07-01,2026-06-28,Color mismatch,Kochi,682001
OI-000172,ORD-2026-000106,CUST-0028,2026-06-25 09:09,APL-TOP-M-057,APL-TOP-M-057-L-BLA,L,Black,1,2499,2499,UPI,refunded,returned,DEL-FC1,Delhivery,AWB3436036525,2026-06-25,2026-07-01,2026-06-28,Received damaged,Kochi,682001
OI-000173,ORD-2026-000106,CUST-0028,2026-06-25 09:09,APL-TOP-M-007,APL-TOP-M-007-M-MUS,M,Mustard,2,1499,2998,UPI,refunded,returned,DEL-FC1,Delhivery,AWB3436036525,2026-06-25,2026-07-01,2026-06-28,Different from images,Kochi,682001
OI-000174,ORD-2026-000107,CUST-0010,2026-05-23 14:05,APL-BTM-M-017,APL-BTM-M-017-XXL-SAG,XXL,Sage,2,999,1998,UPI,refunded,cancelled,MUM-FC1,,,,,,,Pune,411001
OI-000175,ORD-2026-000108,CUST-0164,2026-07-07 09:16,APL-BTM-M-061,APL-BTM-M-061-L-STO,L,Stone,2,1799,3598,UPI,paid,delivered,MUM-FC1,XpressBees,AWB4095432323,2026-07-07,2026-07-10,2026-07-09,,Lucknow,226001
OI-000176,ORD-2026-000109,CUST-0016,2026-06-04 21:58,APL-ACC-F-038,APL-ACC-F-038-FS-GUN,Free Size,Gunmetal,1,899,899,Credit/Debit Card,refunded,cancelled,MUM-FC1,,,,,,,Chandigarh,160017
OI-000177,ORD-2026-000110,CUST-0002,2026-06-17 12:37,APL-TOP-F-023,APL-TOP-F-023-M-EME,M,Emerald,2,2299,4598,UPI,paid,delivered,BLR-FC1,Ekart,AWB7362191512,2026-06-18,2026-06-22,2026-06-20,,Pune,411001
OI-000178,ORD-2026-000111,CUST-0004,2026-06-03 20:02,APL-TOP-M-054,APL-TOP-M-054-XL-FOR,XL,Forest Green,1,1499,1499,UPI,paid,delivered,BLR-FC1,Bluedart,AWB4617433251,2026-06-04,2026-06-09,2026-06-10,,Kochi,682001
OI-000179,ORD-2026-000112,CUST-0060,2026-06-19 10:21,APL-TOP-F-076,APL-TOP-F-076-XS-BLA,XS,Black,1,799,799,Credit/Debit Card,refunded,returned,DEL-FC1,XpressBees,AWB2768588823,2026-06-19,2026-06-24,2026-06-21,Different from images,Jaipur,302001
OI-000180,ORD-2026-000113,CUST-0043,2026-07-08 15:57,APL-BTM-F-079,APL-BTM-F-079-XS-BLA,XS,Black,1,1299,1299,COD,paid,delivered,MUM-FC1,Bluedart,AWB5806880626,2026-07-10,2026-07-14,2026-07-12,,Lucknow,226001
OI-000181,ORD-2026-000113,CUST-0043,2026-07-08 15:57,APL-BTM-M-061,APL-BTM-M-061-XS-CHA,XS,Charcoal,1,1799,1799,COD,paid,delivered,MUM-FC1,Bluedart,AWB5806880626,2026-07-10,2026-07-14,2026-07-12,,Lucknow,226001
OI-000182,ORD-2026-000113,CUST-0043,2026-07-08 15:57,APL-TOP-M-058,APL-TOP-M-058-XS-BLA,XS,Black,2,599,1198,COD,paid,delivered,MUM-FC1,Bluedart,AWB5806880626,2026-07-10,2026-07-14,2026-07-12,,Lucknow,226001
OI-000183,ORD-2026-000113,CUST-0043,2026-07-08 15:57,APL-TOP-M-058,APL-TOP-M-058-XXL-WHI,XXL,White,1,599,599,COD,paid,delivered,MUM-FC1,Bluedart,AWB5806880626,2026-07-10,2026-07-14,2026-07-12,,Lucknow,226001
OI-000184,ORD-2026-000114,CUST-0076,2026-07-18 15:51,APL-TOP-M-009,APL-TOP-M-009-XL-BLA,XL,Black,2,3999,7998,COD,pending,confirmed,BLR-FC1,,,,,,,Jaipur,302001
OI-000185,ORD-2026-000115,CUST-0056,2026-07-05 21:11,APL-ACC-F-087,APL-ACC-F-087-FS-ROS,Free Size,Rose Gold,1,999,999,UPI,paid,delivered,DEL-FC1,Delhivery,AWB8564638531,2026-07-08,2026-07-13,2026-07-10,,Kochi,682001
OI-000186,ORD-2026-000116,CUST-0161,2026-06-21 11:00,APL-BTM-M-060,APL-BTM-M-060-S-WAS,S,Washed Blue,1,1999,1999,COD,paid,delivered,DEL-FC1,DTDC,AWB3117492362,2026-06-22,2026-06-26,2026-06-23,,Chandigarh,160017
OI-000187,ORD-2026-000117,CUST-0171,2026-07-04 21:23,APL-BTM-F-081,APL-BTM-F-081-S-BLA,S,Black,2,1299,2598,Credit/Debit Card,refunded,cancelled,MUM-FC1,,,,,,,Kochi,682001
OI-000188,ORD-2026-000118,CUST-0019,2026-07-17 21:53,APL-TOP-F-024,APL-TOP-F-024-XL-GRE,XL,Grey,2,1499,2998,Credit/Debit Card,paid,confirmed,MUM-FC1,,,,,,,Kolkata,700001
OI-000189,ORD-2026-000119,CUST-0127,2026-07-13 20:34,APL-BTM-M-013,APL-BTM-M-013-M-STO,M,Stone Grey,1,1299,1299,UPI,paid,delivered,DEL-FC1,Bluedart,AWB5103214393,2026-07-14,2026-07-18,2026-07-15,,Kochi,682001
OI-000190,ORD-2026-000120,CUST-0154,2026-06-25 11:44,APL-TOP-M-055,APL-TOP-M-055-M-BLA,M,Black,2,1799,3598,UPI,paid,delivered,DEL-FC1,Ekart,AWB8565633721,2026-06-25,2026-06-30,2026-06-26,,Delhi,110001
OI-000191,ORD-2026-000121,CUST-0139,2026-06-07 10:42,APL-BTM-M-017,APL-BTM-M-017-XXL-WHI,XXL,White,1,999,999,UPI,paid,delivered,MUM-FC1,XpressBees,AWB3257501070,2026-06-09,2026-06-15,2026-06-13,,Bengaluru,560001
OI-000192,ORD-2026-000121,CUST-0139,2026-06-07 10:42,APL-BTM-M-067,APL-BTM-M-067-M-BRO,M,Brown,1,1799,1799,UPI,paid,delivered,MUM-FC1,XpressBees,AWB3257501070,2026-06-09,2026-06-15,2026-06-13,,Bengaluru,560001
OI-000193,ORD-2026-000121,CUST-0139,2026-06-07 10:42,APL-BTM-M-066,APL-BTM-M-066-S-NAV,S,Navy,1,599,599,UPI,paid,delivered,MUM-FC1,XpressBees,AWB3257501070,2026-06-09,2026-06-15,2026-06-13,,Bengaluru,560001
OI-000194,ORD-2026-000121,CUST-0139,2026-06-07 10:42,APL-TOP-F-071,APL-TOP-F-071-S-WHI,S,White,3,2499,7497,UPI,paid,delivered,MUM-FC1,XpressBees,AWB3257501070,2026-06-09,2026-06-15,2026-06-13,,Bengaluru,560001
OI-000195,ORD-2026-000122,CUST-0083,2026-06-08 08:20,APL-ACC-M-096,APL-ACC-M-096-M-BLA,M,Black,1,599,599,Wallet,paid,delivered,BLR-FC1,Delhivery,AWB1805288267,2026-06-09,2026-06-15,2026-06-12,,Hyderabad,500001
OI-000196,ORD-2026-000123,CUST-0058,2026-07-15 20:59,APL-TOP-F-022,APL-TOP-F-022-XXL-WHI,XXL,White,1,1499,1499,Wallet,paid,shipped,DEL-FC1,DTDC,AWB4970197737,2026-07-17,2026-07-23,,,Bengaluru,560001
OI-000197,ORD-2026-000123,CUST-0058,2026-07-15 20:59,APL-TOP-M-008,APL-TOP-M-008-L-ELE,L,Electric Blue,1,799,799,Wallet,paid,shipped,DEL-FC1,DTDC,AWB4970197737,2026-07-17,2026-07-23,,,Bengaluru,560001
OI-000198,ORD-2026-000124,CUST-0011,2026-06-30 18:10,APL-TOP-F-019,APL-TOP-F-019-S-FLH,S,Floral Teal,2,1999,3998,Wallet,paid,delivered,BLR-FC1,Delhivery,AWB5002591813,2026-07-02,2026-07-08,2026-07-06,,Jaipur,302001
OI-000199,ORD-2026-000125,CUST-0105,2026-07-01 19:05,APL-BTM-F-083,APL-BTM-F-083-XS-DEE,XS,Deep Plum,1,1499,1499,COD,paid,delivered,MUM-FC1,Bluedart,AWB6870420363,2026-07-04,2026-07-07,2026-07-09,,Chandigarh,160017
OI-000200,ORD-2026-000126,CUST-0080,2026-07-16 11:12,APL-BTM-F-029,APL-BTM-F-029-XS-BEI,XS,Beige,1,1499,1499,COD,pending,shipped,BLR-FC1,Bluedart,AWB6692883659,2026-07-16,2026-07-22,,,Bengaluru,560001
OI-000201,ORD-2026-000127,CUST-0006,2026-07-10 21:22,APL-TOP-F-026,APL-TOP-F-026-XL-SKY,XL,Sky,1,999,999,COD,paid,delivered,BLR-FC1,Delhivery,AWB7084902570,2026-07-13,2026-07-16,2026-07-19,,Ahmedabad,380001
OI-000202,ORD-2026-000128,CUST-0071,2026-06-23 19:54,APL-ACC-M-048,APL-ACC-M-048-S-BLA,S,Black-Lime,1,799,799,COD,paid,delivered,MUM-FC1,Bluedart,AWB5799401648,2026-06-24,2026-06-26,2026-06-28,,Lucknow,226001
OI-000203,ORD-2026-000128,CUST-0071,2026-06-23 19:54,APL-BTM-F-078,APL-BTM-F-078-L-DAR,L,Dark Blue,1,1999,1999,COD,paid,delivered,MUM-FC1,Bluedart,AWB5799401648,2026-06-24,2026-06-26,2026-06-28,,Lucknow,226001
OI-000204,ORD-2026-000128,CUST-0071,2026-06-23 19:54,APL-BTM-M-064,APL-BTM-M-064-XL-NAV,XL,Navy,1,999,999,COD,paid,delivered,MUM-FC1,Bluedart,AWB5799401648,2026-06-24,2026-06-26,2026-06-28,,Lucknow,226001
OI-000205,ORD-2026-000128,CUST-0071,2026-06-23 19:54,APL-TOP-F-024,APL-TOP-F-024-XXL-GRE,XXL,Grey,1,1499,1499,COD,paid,delivered,MUM-FC1,Bluedart,AWB5799401648,2026-06-24,2026-06-26,2026-06-28,,Lucknow,226001
OI-000206,ORD-2026-000129,CUST-0075,2026-06-23 17:24,APL-BTM-F-032,APL-BTM-F-032-M-BLA,M,Black,1,1799,1799,Credit/Debit Card,refunded,returned,BLR-FC1,XpressBees,AWB5917697249,2026-06-24,2026-06-30,2026-06-29,Different from images,Ahmedabad,380001
OI-000207,ORD-2026-000130,CUST-0083,2026-06-20 11:20,APL-BTM-F-080,APL-BTM-F-080-XS-COC,XS,Cocoa,1,699,699,Netbanking,paid,delivered,DEL-FC1,Delhivery,AWB7142044977,2026-06-21,2026-06-26,2026-06-25,,Bengaluru,560001
OI-000208,ORD-2026-000131,CUST-0116,2026-06-17 16:14,APL-BTM-M-066,APL-BTM-M-066-L-NAV,L,Navy,1,599,599,COD,paid,delivered,MUM-FC1,Bluedart,AWB7020001481,2026-06-17,2026-06-22,2026-06-22,,Jaipur,302001
OI-000209,ORD-2026-000131,CUST-0116,2026-06-17 16:14,APL-ACC-F-099,APL-ACC-F-099-S-PLU,S,Plum,1,599,599,COD,paid,delivered,MUM-FC1,Bluedart,AWB7020001481,2026-06-17,2026-06-22,2026-06-22,,Jaipur,302001
OI-000210,ORD-2026-000131,CUST-0116,2026-06-17 16:14,APL-TOP-F-024,APL-TOP-F-024-M-LIL,M,Lilac,3,1499,4497,COD,paid,delivered,MUM-FC1,Bluedart,AWB7020001481,2026-06-17,2026-06-22,2026-06-22,,Jaipur,302001
OI-000211,ORD-2026-000132,CUST-0080,2026-07-08 22:18,APL-BTM-M-017,APL-BTM-M-017-L-SAG,L,Sage,1,999,999,Wallet,paid,out_for_delivery,MUM-FC1,Bluedart,AWB4836012216,2026-07-11,2026-07-17,,,Kolkata,700001
OI-000212,ORD-2026-000133,CUST-0155,2026-07-18 19:26,APL-BTM-M-064,APL-BTM-M-064-XXL-COR,XXL,Coral,1,999,999,UPI,refunded,cancelled,MUM-FC1,,,,,,,Chandigarh,160017
OI-000213,ORD-2026-000134,CUST-0026,2026-06-17 11:11,APL-BTM-F-084,APL-BTM-F-084-XXL-BLA,XXL,Black,1,1499,1499,UPI,paid,delivered,MUM-FC1,DTDC,AWB1521844312,2026-06-17,2026-06-20,2026-06-19,,Lucknow,226001
OI-000214,ORD-2026-000135,CUST-0026,2026-07-15 21:29,APL-TOP-M-058,APL-TOP-M-058-XXL-WHI,XXL,White,1,599,599,UPI,paid,confirmed,MUM-FC1,,,,,,,Bengaluru,560001
OI-000215,ORD-2026-000136,CUST-0044,2026-07-18 21:57,APL-TOP-F-073,APL-TOP-F-073-S-RUS,S,Rust,1,1499,1499,UPI,paid,pending,BLR-FC1,,,,,,,Kochi,682001
OI-000216,ORD-2026-000137,CUST-0012,2026-06-19 11:14,APL-BTM-F-077,APL-BTM-F-077-S-MID,S,Mid-Blue,1,2299,2299,Wallet,refunded,cancelled,BLR-FC1,,,,,,,Delhi,110001
OI-000217,ORD-2026-000137,CUST-0012,2026-06-19 11:14,APL-TOP-M-053,APL-TOP-M-053-M-SAN,M,Sand,2,1999,3998,Wallet,refunded,cancelled,BLR-FC1,,,,,,,Delhi,110001
OI-000218,ORD-2026-000137,CUST-0012,2026-06-19 11:14,APL-TOP-F-074,APL-TOP-F-074-XL-BLA,XL,Black,1,599,599,Wallet,refunded,cancelled,BLR-FC1,,,,,,,Delhi,110001
OI-000219,ORD-2026-000138,CUST-0018,2026-06-28 19:37,APL-BTM-F-030,APL-BTM-F-030-S-BLU,S,Blush Pink,1,1499,1499,Netbanking,paid,delivered,DEL-FC1,Bluedart,AWB6834266614,2026-06-28,2026-07-01,2026-06-30,,Ahmedabad,380001
OI-000220,ORD-2026-000139,CUST-0093,2026-07-15 13:25,APL-BTM-F-083,APL-BTM-F-083-XS-BLA,XS,Black,1,1499,1499,COD,pending,confirmed,MUM-FC1,,,,,,,Pune,411001
OI-000221,ORD-2026-000140,CUST-0061,2026-07-01 08:21,APL-TOP-F-074,APL-TOP-F-074-S-CHA,S,Champagne,1,599,599,UPI,paid,delivered,BLR-FC1,DTDC,AWB2031584203,2026-07-01,2026-07-06,2026-07-04,,Hyderabad,500001
OI-000222,ORD-2026-000141,CUST-0149,2026-05-31 16:13,APL-BTM-F-029,APL-BTM-F-029-XL-BLA,XL,Black,2,1499,2998,UPI,paid,delivered,BLR-FC1,DTDC,AWB3296351847,2026-06-02,2026-06-06,2026-06-06,,Chandigarh,160017
OI-000223,ORD-2026-000141,CUST-0149,2026-05-31 16:13,APL-TOP-F-019,APL-TOP-F-019-XL-FLO,XL,Floral Coral,1,1999,1999,UPI,paid,delivered,BLR-FC1,DTDC,AWB3296351847,2026-06-02,2026-06-06,2026-06-06,,Chandigarh,160017
OI-000224,ORD-2026-000142,CUST-0132,2026-07-16 19:49,APL-BTM-F-032,APL-BTM-F-032-M-BLA,M,Black,1,1799,1799,Credit/Debit Card,paid,shipped,BLR-FC1,Delhivery,AWB3983556467,2026-07-18,2026-07-20,,,Delhi,110001
OI-000225,ORD-2026-000142,CUST-0132,2026-07-16 19:49,APL-TOP-M-054,APL-TOP-M-054-S-GRE,S,Grey Melange,2,1499,2998,Credit/Debit Card,paid,shipped,BLR-FC1,Delhivery,AWB3983556467,2026-07-18,2026-07-20,,,Delhi,110001
OI-000226,ORD-2026-000143,CUST-0018,2026-06-29 16:48,APL-TOP-F-019,APL-TOP-F-019-S-FLH,S,Floral Teal,1,1999,1999,UPI,refunded,returned,BLR-FC1,Bluedart,AWB6823538980,2026-07-01,2026-07-05,2026-07-05,Different from images,Hyderabad,500001
OI-000227,ORD-2026-000143,CUST-0018,2026-06-29 16:48,APL-ACC-F-047,APL-ACC-F-047-L-BEI,L,Beige,1,499,499,UPI,refunded,returned,BLR-FC1,Bluedart,AWB6823538980,2026-07-01,2026-07-05,2026-07-05,Changed mind,Hyderabad,500001
OI-000228,ORD-2026-000144,CUST-0177,2026-06-27 18:45,APL-ACC-F-049,APL-ACC-F-049-M-CRE,M,Cream-Fair Isle,1,599,599,Credit/Debit Card,paid,delivered,MUM-FC1,Delhivery,AWB3909490559,2026-06-27,2026-06-29,2026-07-01,,Pune,411001
OI-000229,ORD-2026-000145,CUST-0078,2026-06-14 16:19,APL-BTM-M-067,APL-BTM-M-067-XS-RUS,XS,Rust,1,1799,1799,COD,paid,delivered,MUM-FC1,XpressBees,AWB9270787923,2026-06-17,2026-06-21,2026-06-23,,Hyderabad,500001
OI-000230,ORD-2026-000145,CUST-0078,2026-06-14 16:19,APL-TOP-M-003,APL-TOP-M-003-XS-BOT,XS,Bottle Green,1,1199,1199,COD,paid,delivered,MUM-FC1,XpressBees,AWB9270787923,2026-06-17,2026-06-21,2026-06-23,,Hyderabad,500001
OI-000231,ORD-2026-000146,CUST-0168,2026-07-12 21:37,APL-TOP-F-020,APL-TOP-F-020-XS-WHI,XS,White,1,799,799,UPI,paid,delivered,DEL-FC1,Ekart,AWB8490135210,2026-07-13,2026-07-15,2026-07-19,,Mumbai,400001
OI-000232,ORD-2026-000146,CUST-0168,2026-07-12 21:37,APL-BTM-F-028,APL-BTM-F-028-M-PLU,M,Plum,1,1499,1499,UPI,paid,delivered,DEL-FC1,Ekart,AWB8490135210,2026-07-13,2026-07-15,2026-07-19,,Mumbai,400001
OI-000233,ORD-2026-000147,CUST-0109,2026-06-29 16:47,APL-TOP-M-005,APL-TOP-M-005-XXL-BEI,XXL,Beige,1,1499,1499,COD,paid,delivered,DEL-FC1,Bluedart,AWB4342562035,2026-07-01,2026-07-07,2026-07-05,,Jaipur,302001
OI-000234,ORD-2026-000147,CUST-0109,2026-06-29 16:47,APL-TOP-F-072,APL-TOP-F-072-XXL-MAU,XXL,Mauve,1,2999,2999,COD,paid,delivered,DEL-FC1,Bluedart,AWB4342562035,2026-07-01,2026-07-07,2026-07-05,,Jaipur,302001
OI-000235,ORD-2026-000148,CUST-0164,2026-07-02 08:10,APL-TOP-M-001,APL-TOP-M-001-XL-WHI,XL,White,1,499,499,UPI,paid,delivered,DEL-FC1,Bluedart,AWB8174031554,2026-07-04,2026-07-09,2026-07-06,,Chennai,600001
OI-000236,ORD-2026-000148,CUST-0164,2026-07-02 08:10,APL-TOP-F-068,APL-TOP-F-068-L-DUS,L,Dusty Rose,1,1299,1299,UPI,paid,delivered,DEL-FC1,Bluedart,AWB8174031554,2026-07-04,2026-07-09,2026-07-06,,Chennai,600001
OI-000237,ORD-2026-000149,CUST-0165,2026-07-01 22:45,APL-BTM-M-064,APL-BTM-M-064-XL-KHA,XL,Khaki,1,999,999,UPI,paid,delivered,MUM-FC1,XpressBees,AWB8585595281,2026-07-02,2026-07-05,2026-07-04,,Mumbai,400001
OI-000238,ORD-2026-000150,CUST-0125,2026-07-10 12:19,APL-TOP-M-005,APL-TOP-M-005-XS-NAV,XS,Navy,1,1499,1499,COD,paid,delivered,DEL-FC1,Ekart,AWB6853936727,2026-07-11,2026-07-17,2026-07-13,,Mumbai,400001
OI-000239,ORD-2026-000150,CUST-0125,2026-07-10 12:19,APL-TOP-M-001,APL-TOP-M-001-XS-BLA,XS,Black,3,499,1497,COD,paid,delivered,DEL-FC1,Ekart,AWB6853936727,2026-07-11,2026-07-17,2026-07-13,,Mumbai,400001
OI-000240,ORD-2026-000151,CUST-0125,2026-07-16 19:36,APL-BTM-F-034,APL-BTM-F-034-XL-DEE,XL,Deep Blue,2,1299,2598,Wallet,paid,packed,DEL-FC1,,,,,,,Ahmedabad,380001
OI-000241,ORD-2026-000152,CUST-0165,2026-06-20 19:41,APL-BTM-M-012,APL-BTM-M-012-XS-GRE,XS,Grey Melange,1,1499,1499,UPI,paid,delivered,DEL-FC1,Delhivery,AWB2580066001,2026-06-21,2026-06-25,2026-06-27,,Chandigarh,160017
OI-000242,ORD-2026-000153,CUST-0080,2026-06-30 10:41,APL-TOP-F-023,APL-TOP-F-023-L-CHA,L,Champagne,3,2299,6897,COD,paid,delivered,BLR-FC1,Ekart,AWB6224578302,2026-06-30,2026-07-02,2026-07-04,,Jaipur,302001
OI-000243,ORD-2026-000154,CUST-0155,2026-07-09 19:14,APL-ACC-F-087,APL-ACC-F-087-FS-GOL,Free Size,Gold,2,999,1998,Wallet,paid,delivered,DEL-FC1,XpressBees,AWB8400015193,2026-07-10,2026-07-13,2026-07-11,,Mumbai,400001
OI-000244,ORD-2026-000155,CUST-0131,2026-07-01 18:03,APL-BTM-F-034,APL-BTM-F-034-XL-BLA,XL,Black,1,1299,1299,UPI,paid,delivered,DEL-FC1,Bluedart,AWB2270195014,2026-07-03,2026-07-08,2026-07-07,,Ahmedabad,380001
OI-000245,ORD-2026-000155,CUST-0131,2026-07-01 18:03,APL-TOP-F-076,APL-TOP-F-076-L-LIL,L,Lilac,1,799,799,UPI,paid,delivered,DEL-FC1,Bluedart,AWB2270195014,2026-07-03,2026-07-08,2026-07-07,,Ahmedabad,380001
OI-000246,ORD-2026-000155,CUST-0131,2026-07-01 18:03,APL-BTM-M-013,APL-BTM-M-013-L-STO,L,Stone Grey,1,1299,1299,UPI,paid,delivered,DEL-FC1,Bluedart,AWB2270195014,2026-07-03,2026-07-08,2026-07-07,,Ahmedabad,380001
OI-000247,ORD-2026-000156,CUST-0110,2026-06-04 21:09,APL-BTM-M-064,APL-BTM-M-064-L-COR,L,Coral,1,999,999,COD,paid,delivered,MUM-FC1,Ekart,AWB6878258191,2026-06-07,2026-06-11,2026-06-13,,Bengaluru,560001
OI-000248,ORD-2026-000156,CUST-0110,2026-06-04 21:09,APL-BTM-M-066,APL-BTM-M-066-L-NAV,L,Navy,1,599,599,COD,paid,delivered,MUM-FC1,Ekart,AWB6878258191,2026-06-07,2026-06-11,2026-06-13,,Bengaluru,560001
OI-000249,ORD-2026-000157,CUST-0049,2026-06-14 19:05,APL-TOP-F-026,APL-TOP-F-026-XL-SKY,XL,Sky,1,999,999,COD,paid,delivered,BLR-FC1,DTDC,AWB6997248057,2026-06-15,2026-06-20,2026-06-16,,Kolkata,700001
OI-000250,ORD-2026-000158,CUST-0029,2026-06-09 18:06,APL-TOP-F-021,APL-TOP-F-021-M-COR,M,Coral,2,2299,4598,Credit/Debit Card,paid,delivered,MUM-FC1,XpressBees,AWB3992406293,2026-06-10,2026-06-16,2026-06-16,,Hyderabad,500001
OI-000251,ORD-2026-000159,CUST-0174,2026-07-15 10:55,APL-TOP-F-071,APL-TOP-F-071-S-LIG,S,Light Blue,1,2499,2499,Credit/Debit Card,paid,packed,MUM-FC1,,,,,,,Mumbai,400001
OI-000252,ORD-2026-000160,CUST-0050,2026-06-12 10:23,APL-TOP-M-057,APL-TOP-M-057-L-BLA,L,Black,1,2499,2499,UPI,refunded,returned,DEL-FC1,Delhivery,AWB7269388200,2026-06-14,2026-06-17,2026-06-15,Color mismatch,Pune,411001
OI-000253,ORD-2026-000160,CUST-0050,2026-06-12 10:23,APL-TOP-M-007,APL-TOP-M-007-L-WHI,L,White,1,1499,1499,UPI,refunded,returned,DEL-FC1,Delhivery,AWB7269388200,2026-06-14,2026-06-17,2026-06-15,Size too small,Pune,411001
OI-000254,ORD-2026-000161,CUST-0091,2026-06-14 13:51,APL-BTM-F-080,APL-BTM-F-080-XXL-COC,XXL,Cocoa,1,699,699,Credit/Debit Card,paid,delivered,DEL-FC1,Ekart,AWB9366724372,2026-06-17,2026-06-23,2026-06-23,,Mumbai,400001
OI-000255,ORD-2026-000162,CUST-0092,2026-06-11 09:02,APL-BTM-M-061,APL-BTM-M-061-XL-STO,XL,Stone,1,1799,1799,UPI,paid,delivered,MUM-FC1,XpressBees,AWB5384975600,2026-06-11,2026-06-16,2026-06-12,,Hyderabad,500001
OI-000256,ORD-2026-000163,CUST-0142,2026-06-06 18:24,APL-TOP-M-009,APL-TOP-M-009-XS-BLA,XS,Black,1,3999,3999,UPI,paid,delivered,BLR-FC1,XpressBees,AWB5271279991,2026-06-06,2026-06-10,2026-06-10,,Chandigarh,160017
OI-000257,ORD-2026-000164,CUST-0010,2026-07-15 21:30,APL-BTM-M-066,APL-BTM-M-066-S-GRE,S,Grey Melange,1,599,599,COD,pending,packed,MUM-FC1,,,,,,,Hyderabad,500001
OI-000258,ORD-2026-000165,CUST-0080,2026-06-21 08:13,APL-BTM-F-077,APL-BTM-F-077-L-MID,L,Mid-Blue,2,2299,4598,COD,paid,delivered,BLR-FC1,XpressBees,AWB7371316660,2026-06-22,2026-06-24,2026-06-24,,Kochi,682001
OI-000259,ORD-2026-000166,CUST-0156,2026-07-17 19:42,APL-TOP-F-023,APL-TOP-F-023-XS-EME,XS,Emerald,2,2299,4598,UPI,paid,confirmed,BLR-FC1,,,,,,,Chennai,600001
OI-000260,ORD-2026-000166,CUST-0156,2026-07-17 19:42,APL-TOP-M-009,APL-TOP-M-009-S-BLA,S,Black,2,3999,7998,UPI,paid,confirmed,BLR-FC1,,,,,,,Chennai,600001
OI-000261,ORD-2026-000167,CUST-0025,2026-06-12 18:36,APL-TOP-M-055,APL-TOP-M-055-M-BLA,M,Black,1,1799,1799,UPI,paid,delivered,DEL-FC1,Delhivery,AWB3728204247,2026-06-14,2026-06-18,2026-06-17,,Hyderabad,500001
OI-000262,ORD-2026-000167,CUST-0025,2026-06-12 18:36,APL-BTM-F-033,APL-BTM-F-033-M-ROS,M,Rosewood,1,1299,1299,UPI,paid,delivered,DEL-FC1,Delhivery,AWB3728204247,2026-06-14,2026-06-18,2026-06-17,,Hyderabad,500001
OI-000263,ORD-2026-000167,CUST-0025,2026-06-12 18:36,APL-TOP-M-006,APL-TOP-M-006-S-BLA,S,Black,2,2999,5998,UPI,paid,delivered,DEL-FC1,Delhivery,AWB3728204247,2026-06-14,2026-06-18,2026-06-17,,Hyderabad,500001
OI-000264,ORD-2026-000168,CUST-0124,2026-06-05 20:15,APL-TOP-F-023,APL-TOP-F-023-M-EME,M,Emerald,1,2299,2299,UPI,paid,delivered,BLR-FC1,XpressBees,AWB8612175610,2026-06-07,2026-06-13,2026-06-09,,Lucknow,226001
OI-000265,ORD-2026-000168,CUST-0124,2026-06-05 20:15,APL-TOP-M-053,APL-TOP-M-053-S-SAN,S,Sand,1,1999,1999,UPI,paid,delivered,BLR-FC1,XpressBees,AWB8612175610,2026-06-07,2026-06-13,2026-06-09,,Lucknow,226001
OI-000266,ORD-2026-000169,CUST-0147,2026-06-01 13:04,APL-BTM-M-014,APL-BTM-M-014-L-CHA,L,Charcoal,2,1999,3998,UPI,paid,delivered,BLR-FC1,DTDC,AWB8259698836,2026-06-02,2026-06-06,2026-06-08,,Delhi,110001
OI-000267,ORD-2026-000169,CUST-0147,2026-06-01 13:04,APL-BTM-F-082,APL-BTM-F-082-XXL-BLU,XXL,Blush,1,1199,1199,UPI,paid,delivered,BLR-FC1,DTDC,AWB8259698836,2026-06-02,2026-06-06,2026-06-08,,Delhi,110001
OI-000268,ORD-2026-000169,CUST-0147,2026-06-01 13:04,APL-TOP-M-053,APL-TOP-M-053-XXL-SAG,XXL,Sage,1,1999,1999,UPI,paid,delivered,BLR-FC1,DTDC,AWB8259698836,2026-06-02,2026-06-06,2026-06-08,,Delhi,110001
OI-000269,ORD-2026-000170,CUST-0006,2026-06-19 11:45,APL-TOP-F-068,APL-TOP-F-068-M-IVO,M,Ivory,1,1299,1299,UPI,refunded,cancelled,DEL-FC1,,,,,,,Ahmedabad,380001
OI-000270,ORD-2026-000171,CUST-0051,2026-07-11 10:38,APL-ACC-M-045,APL-ACC-M-045-FS-MUS,Free Size,Mustard,1,699,699,UPI,refunded,cancelled,BLR-FC1,,,,,,,Kochi,682001
OI-000271,ORD-2026-000172,CUST-0004,2026-06-02 11:20,APL-BTM-M-066,APL-BTM-M-066-XL-GRE,XL,Grey Melange,3,599,1797,COD,paid,delivered,MUM-FC1,Ekart,AWB4419919530,2026-06-02,2026-06-07,2026-06-03,,Kolkata,700001
OI-000272,ORD-2026-000172,CUST-0004,2026-06-02 11:20,APL-BTM-F-084,APL-BTM-F-084-XL-TAU,XL,Taupe,1,1499,1499,COD,paid,delivered,MUM-FC1,Ekart,AWB4419919530,2026-06-02,2026-06-07,2026-06-03,,Kolkata,700001
OI-000273,ORD-2026-000173,CUST-0119,2026-07-13 13:36,APL-TOP-F-024,APL-TOP-F-024-S-LIL,S,Lilac,1,1499,1499,COD,paid,delivered,MUM-FC1,Ekart,AWB1670837387,2026-07-13,2026-07-15,2026-07-15,,Chandigarh,160017
OI-000274,ORD-2026-000174,CUST-0093,2026-06-23 17:55,APL-TOP-F-072,APL-TOP-F-072-XXL-BLA,XXL,Black,3,2999,8997,COD,paid,delivered,DEL-FC1,DTDC,AWB4278385201,2026-06-25,2026-06-30,2026-07-01,,Pune,411001
OI-000275,ORD-2026-000175,CUST-0117,2026-06-29 16:17,APL-ACC-F-100,APL-ACC-F-100-S-BEI,S,Beige,1,499,499,COD,refunded,returned,BLR-FC1,Bluedart,AWB9709984274,2026-07-01,2026-07-06,2026-07-03,Received damaged,Lucknow,226001
OI-000276,ORD-2026-000176,CUST-0047,2026-06-20 19:09,APL-BTM-M-066,APL-BTM-M-066-XL-NAV,XL,Navy,1,599,599,Credit/Debit Card,paid,delivered,MUM-FC1,Delhivery,AWB8987929730,2026-06-22,2026-06-25,2026-06-24,,Delhi,110001
OI-000277,ORD-2026-000176,CUST-0047,2026-06-20 19:09,APL-TOP-F-071,APL-TOP-F-071-XS-LIG,XS,Light Blue,1,2499,2499,Credit/Debit Card,paid,delivered,MUM-FC1,Delhivery,AWB8987929730,2026-06-22,2026-06-25,2026-06-24,,Delhi,110001
OI-000278,ORD-2026-000177,CUST-0007,2026-07-18 09:51,APL-ACC-M-046,APL-ACC-M-046-L-GRE,L,Grey,2,499,998,Netbanking,paid,confirmed,DEL-FC1,,,,,,,Bengaluru,560001
OI-000279,ORD-2026-000178,CUST-0161,2026-07-13 08:16,APL-ACC-F-044,APL-ACC-F-044-FS-FOR,Free Size,Forest Green,1,799,799,COD,paid,delivered,BLR-FC1,Ekart,AWB4396586867,2026-07-14,2026-07-17,2026-07-18,,Pune,411001
OI-000280,ORD-2026-000178,CUST-0161,2026-07-13 08:16,APL-TOP-F-019,APL-TOP-F-019-L-FLH,L,Floral Teal,1,1999,1999,COD,paid,delivered,BLR-FC1,Ekart,AWB4396586867,2026-07-14,2026-07-17,2026-07-18,,Pune,411001
OI-000281,ORD-2026-000178,CUST-0161,2026-07-13 08:16,APL-TOP-M-053,APL-TOP-M-053-XS-SAN,XS,Sand,1,1999,1999,COD,paid,delivered,BLR-FC1,Ekart,AWB4396586867,2026-07-14,2026-07-17,2026-07-18,,Pune,411001
OI-000282,ORD-2026-000179,CUST-0064,2026-06-17 17:28,APL-TOP-F-018,APL-TOP-F-018-M-BLA,M,Black,3,599,1797,Credit/Debit Card,refunded,returned,BLR-FC1,Delhivery,AWB4710709688,2026-06-18,2026-06-23,2026-06-21,Size too small,Chandigarh,160017
OI-000283,ORD-2026-000179,CUST-0064,2026-06-17 17:28,APL-TOP-F-023,APL-TOP-F-023-XS-CHA,XS,Champagne,1,2299,2299,Credit/Debit Card,refunded,returned,BLR-FC1,Delhivery,AWB4710709688,2026-06-18,2026-06-23,2026-06-21,Different from images,Chandigarh,160017
OI-000284,ORD-2026-000180,CUST-0039,2026-06-29 20:10,APL-TOP-M-004,APL-TOP-M-004-XL-MAR,XL,Maroon,1,1999,1999,COD,paid,delivered,MUM-FC1,XpressBees,AWB2007648388,2026-06-30,2026-07-06,2026-07-06,,Lucknow,226001
OI-000285,ORD-2026-000180,CUST-0039,2026-06-29 20:10,APL-ACC-M-035,APL-ACC-M-035-FS-SIL,Free Size,Silver-Grey,1,999,999,COD,paid,delivered,MUM-FC1,XpressBees,AWB2007648388,2026-06-30,2026-07-06,2026-07-06,,Lucknow,226001
OI-000286,ORD-2026-000181,CUST-0111,2026-06-15 08:57,APL-TOP-F-068,APL-TOP-F-068-M-IVO,M,Ivory,1,1299,1299,UPI,paid,delivered,DEL-FC1,DTDC,AWB3321166132,2026-06-16,2026-06-19,2026-06-22,,Ahmedabad,380001
OI-000287,ORD-2026-000181,CUST-0111,2026-06-15 08:57,APL-TOP-M-008,APL-TOP-M-008-XL-STE,XL,Steel Grey,1,799,799,UPI,paid,delivered,DEL-FC1,DTDC,AWB3321166132,2026-06-16,2026-06-19,2026-06-22,,Ahmedabad,380001
OI-000288,ORD-2026-000182,CUST-0020,2026-07-03 22:14,APL-ACC-F-044,APL-ACC-F-044-FS-FOR,Free Size,Forest Green,1,799,799,UPI,paid,delivered,BLR-FC1,Delhivery,AWB5500510674,2026-07-04,2026-07-10,2026-07-09,,Chennai,600001
OI-000289,ORD-2026-000182,CUST-0020,2026-07-03 22:14,APL-TOP-M-002,APL-TOP-M-002-XS-WHI,XS,White,1,1499,1499,UPI,paid,delivered,BLR-FC1,Delhivery,AWB5500510674,2026-07-04,2026-07-10,2026-07-09,,Chennai,600001
OI-000290,ORD-2026-000182,CUST-0020,2026-07-03 22:14,APL-TOP-M-054,APL-TOP-M-054-L-GRE,L,Grey Melange,1,1499,1499,UPI,paid,delivered,BLR-FC1,Delhivery,AWB5500510674,2026-07-04,2026-07-10,2026-07-09,,Chennai,600001
OI-000291,ORD-2026-000182,CUST-0020,2026-07-03 22:14,APL-BTM-M-010,APL-BTM-M-010-XS-IND,XS,Indigo,1,1999,1999,UPI,paid,delivered,BLR-FC1,Delhivery,AWB5500510674,2026-07-04,2026-07-10,2026-07-09,,Chennai,600001
OI-000292,ORD-2026-000183,CUST-0069,2026-06-30 14:24,APL-TOP-M-005,APL-TOP-M-005-M-NAV,M,Navy,1,1499,1499,COD,paid,delivered,DEL-FC1,Delhivery,AWB1498926562,2026-07-01,2026-07-07,2026-07-06,,Kolkata,700001
OI-000293,ORD-2026-000183,CUST-0069,2026-06-30 14:24,APL-TOP-M-055,APL-TOP-M-055-M-BLA,M,Black,1,1799,1799,COD,paid,delivered,DEL-FC1,Delhivery,AWB1498926562,2026-07-01,2026-07-07,2026-07-06,,Kolkata,700001
OI-000294,ORD-2026-000184,CUST-0166,2026-06-17 15:36,APL-TOP-F-069,APL-TOP-F-069-S-MOC,S,Mocha,1,999,999,Credit/Debit Card,refunded,cancelled,MUM-FC1,,,,,,,Ahmedabad,380001
OI-000295,ORD-2026-000184,CUST-0166,2026-06-17 15:36,APL-TOP-M-058,APL-TOP-M-058-XL-WHI,XL,White,1,599,599,Credit/Debit Card,refunded,cancelled,MUM-FC1,,,,,,,Ahmedabad,380001
OI-000296,ORD-2026-000185,CUST-0097,2026-07-10 16:17,APL-TOP-M-056,APL-TOP-M-056-L-WAS,L,Washed Black,1,2999,2999,UPI,paid,delivered,MUM-FC1,Bluedart,AWB8394049673,2026-07-12,2026-07-16,2026-07-17,,Lucknow,226001
OI-000297,ORD-2026-000185,CUST-0097,2026-07-10 16:17,APL-ACC-F-037,APL-ACC-F-037-FS-GLO,Free Size,Glossy Black,1,999,999,UPI,paid,delivered,MUM-FC1,Bluedart,AWB8394049673,2026-07-12,2026-07-16,2026-07-17,,Lucknow,226001
OI-000298,ORD-2026-000186,CUST-0094,2026-06-23 21:23,APL-TOP-F-022,APL-TOP-F-022-XXL-WHI,XXL,White,1,1499,1499,Credit/Debit Card,paid,delivered,DEL-FC1,Delhivery,AWB8807265600,2026-06-25,2026-06-29,2026-06-26,,Ahmedabad,380001
OI-000299,ORD-2026-000187,CUST-0094,2026-06-11 16:19,APL-BTM-M-067,APL-BTM-M-067-XL-BRO,XL,Brown,1,1799,1799,COD,refunded,returned,MUM-FC1,Delhivery,AWB3221948558,2026-06-13,2026-06-18,2026-06-14,Size too large,Ahmedabad,380001
OI-000300,ORD-2026-000187,CUST-0094,2026-06-11 16:19,APL-BTM-F-084,APL-BTM-F-084-XS-TAU,XS,Taupe,1,1499,1499,COD,refunded,returned,MUM-FC1,Delhivery,AWB3221948558,2026-06-13,2026-06-18,2026-06-14,Received damaged,Ahmedabad,380001
OI-000301,ORD-2026-000188,CUST-0088,2026-07-02 16:12,APL-BTM-F-028,APL-BTM-F-028-XXL-BLA,XXL,Black,1,1499,1499,UPI,refunded,cancelled,DEL-FC1,,,,,,,Kochi,682001
OI-000302,ORD-2026-000188,CUST-0088,2026-07-02 16:12,APL-BTM-F-033,APL-BTM-F-033-M-GRE,M,Grey Melange,1,1299,1299,UPI,refunded,cancelled,DEL-FC1,,,,,,,Kochi,682001
OI-000303,ORD-2026-000189,CUST-0113,2026-07-15 21:05,APL-TOP-M-053,APL-TOP-M-053-XL-WHI,XL,White,1,1999,1999,Credit/Debit Card,paid,shipped,BLR-FC1,Delhivery,AWB2577002153,2026-07-18,2026-07-23,,,Kochi,682001
OI-000304,ORD-2026-000189,CUST-0113,2026-07-15 21:05,APL-TOP-F-074,APL-TOP-F-074-M-CHA,M,Champagne,1,599,599,Credit/Debit Card,paid,shipped,BLR-FC1,Delhivery,AWB2577002153,2026-07-18,2026-07-23,,,Kochi,682001
OI-000305,ORD-2026-000190,CUST-0066,2026-06-28 17:08,APL-ACC-F-099,APL-ACC-F-099-S-BLA,S,Black-Grey,1,599,599,Wallet,paid,delivered,MUM-FC1,Ekart,AWB1303997156,2026-06-29,2026-07-02,2026-07-03,,Chandigarh,160017
OI-000306,ORD-2026-000191,CUST-0165,2026-07-13 17:36,APL-TOP-M-002,APL-TOP-M-002-XXL-SKY,XXL,Sky Blue,1,1499,1499,Credit/Debit Card,paid,out_for_delivery,BLR-FC1,Bluedart,AWB3109989246,2026-07-14,2026-07-19,,,Kolkata,700001
OI-000307,ORD-2026-000192,CUST-0052,2026-07-12 18:18,APL-BTM-M-015,APL-BTM-M-015-S-NAV,S,Navy,1,999,999,Credit/Debit Card,paid,shipped,DEL-FC1,Bluedart,AWB5731793185,2026-07-13,2026-07-15,,,Mumbai,400001
OI-000308,ORD-2026-000193,CUST-0015,2026-07-04 13:30,APL-TOP-M-001,APL-TOP-M-001-XL-WHI,XL,White,1,499,499,Credit/Debit Card,paid,delivered,DEL-FC1,XpressBees,AWB6671454913,2026-07-05,2026-07-08,2026-07-07,,Kochi,682001
OI-000309,ORD-2026-000194,CUST-0138,2026-07-02 13:24,APL-ACC-M-042,APL-ACC-M-042-FS-BLA,Free Size,Black,1,899,899,COD,paid,delivered,BLR-FC1,Delhivery,AWB9017738481,2026-07-03,2026-07-06,2026-07-07,,Jaipur,302001
OI-000310,ORD-2026-000194,CUST-0138,2026-07-02 13:24,APL-TOP-M-053,APL-TOP-M-053-L-SAN,L,Sand,1,1999,1999,COD,paid,delivered,BLR-FC1,Delhivery,AWB9017738481,2026-07-03,2026-07-06,2026-07-07,,Jaipur,302001
OI-000311,ORD-2026-000194,CUST-0138,2026-07-02 13:24,APL-TOP-F-026,APL-TOP-F-026-XL-SKY,XL,Sky,1,999,999,COD,paid,delivered,BLR-FC1,Delhivery,AWB9017738481,2026-07-03,2026-07-06,2026-07-07,,Jaipur,302001
OI-000312,ORD-2026-000195,CUST-0119,2026-06-16 10:23,APL-BTM-M-065,APL-BTM-M-065-XL-BLA,XL,Black,1,1999,1999,COD,paid,delivered,MUM-FC1,Delhivery,AWB3289556747,2026-06-18,2026-06-20,2026-06-22,,Chandigarh,160017
OI-000313,ORD-2026-000195,CUST-0119,2026-06-16 10:23,APL-TOP-M-004,APL-TOP-M-004-L-MAR,L,Maroon,1,1999,1999,COD,paid,delivered,MUM-FC1,Delhivery,AWB3289556747,2026-06-18,2026-06-20,2026-06-22,,Chandigarh,160017
OI-000314,ORD-2026-000195,CUST-0119,2026-06-16 10:23,APL-BTM-M-064,APL-BTM-M-064-S-NAV,S,Navy,1,999,999,COD,paid,delivered,MUM-FC1,Delhivery,AWB3289556747,2026-06-18,2026-06-20,2026-06-22,,Chandigarh,160017
OI-000315,ORD-2026-000195,CUST-0119,2026-06-16 10:23,APL-TOP-M-056,APL-TOP-M-056-M-WAS,M,Washed Black,1,2999,2999,COD,paid,delivered,MUM-FC1,Delhivery,AWB3289556747,2026-06-18,2026-06-20,2026-06-22,,Chandigarh,160017
OI-000316,ORD-2026-000196,CUST-0152,2026-06-27 19:28,APL-TOP-F-076,APL-TOP-F-076-XS-LIL,XS,Lilac,1,799,799,UPI,paid,delivered,DEL-FC1,Delhivery,AWB3135239529,2026-06-27,2026-07-03,2026-06-28,,Lucknow,226001
OI-000317,ORD-2026-000196,CUST-0152,2026-06-27 19:28,APL-BTM-M-012,APL-BTM-M-012-M-BLA,M,Black,1,1499,1499,UPI,paid,delivered,DEL-FC1,Delhivery,AWB3135239529,2026-06-27,2026-07-03,2026-06-28,,Lucknow,226001
OI-000318,ORD-2026-000196,CUST-0152,2026-06-27 19:28,APL-TOP-F-068,APL-TOP-F-068-S-IVO,S,Ivory,1,1299,1299,UPI,paid,delivered,DEL-FC1,Delhivery,AWB3135239529,2026-06-27,2026-07-03,2026-06-28,,Lucknow,226001
OI-000319,ORD-2026-000197,CUST-0055,2026-07-05 20:58,APL-BTM-M-011,APL-BTM-M-011-L-KHA,L,Khaki,1,1499,1499,COD,paid,delivered,DEL-FC1,Delhivery,AWB2823543633,2026-07-07,2026-07-11,2026-07-08,,Hyderabad,500001
OI-000320,ORD-2026-000197,CUST-0055,2026-07-05 20:58,APL-TOP-M-005,APL-TOP-M-005-XL-BEI,XL,Beige,1,1499,1499,COD,paid,delivered,DEL-FC1,Delhivery,AWB2823543633,2026-07-07,2026-07-11,2026-07-08,,Hyderabad,500001
OI-000321,ORD-2026-000197,CUST-0055,2026-07-05 20:58,APL-BTM-M-011,APL-BTM-M-011-XL-NAV,XL,Navy,1,1499,1499,COD,paid,delivered,DEL-FC1,Delhivery,AWB2823543633,2026-07-07,2026-07-11,2026-07-08,,Hyderabad,500001
OI-000322,ORD-2026-000198,CUST-0150,2026-06-16 19:09,APL-TOP-F-072,APL-TOP-F-072-M-BLA,M,Black,1,2999,2999,COD,paid,delivered,DEL-FC1,Bluedart,AWB2631978596,2026-06-17,2026-06-21,2026-06-23,,Hyderabad,500001
OI-000323,ORD-2026-000199,CUST-0051,2026-06-15 14:21,APL-BTM-F-084,APL-BTM-F-084-XXL-TAU,XXL,Taupe,2,1499,2998,Credit/Debit Card,paid,delivered,MUM-FC1,Bluedart,AWB5608217967,2026-06-17,2026-06-23,2026-06-21,,Mumbai,400001
OI-000324,ORD-2026-000200,CUST-0024,2026-07-01 12:38,APL-TOP-M-053,APL-TOP-M-053-XS-SAN,XS,Sand,1,1999,1999,UPI,paid,delivered,BLR-FC1,Bluedart,AWB5300604422,2026-07-03,2026-07-05,2026-07-05,,Ahmedabad,380001
OI-000325,ORD-2026-000200,CUST-0024,2026-07-01 12:38,APL-BTM-M-010,APL-BTM-M-010-XS-JET,XS,Jet Black,1,1999,1999,UPI,paid,delivered,BLR-FC1,Bluedart,AWB5300604422,2026-07-03,2026-07-05,2026-07-05,,Ahmedabad,380001
OI-000326,ORD-2026-000200,CUST-0024,2026-07-01 12:38,APL-TOP-F-025,APL-TOP-F-025-XXL-OAT,XXL,Oatmeal,1,1999,1999,UPI,paid,delivered,BLR-FC1,Bluedart,AWB5300604422,2026-07-03,2026-07-05,2026-07-05,,Ahmedabad,380001
OI-000327,ORD-2026-000200,CUST-0024,2026-07-01 12:38,APL-TOP-M-054,APL-TOP-M-054-S-FOR,S,Forest Green,1,1499,1499,UPI,paid,delivered,BLR-FC1,Bluedart,AWB5300604422,2026-07-03,2026-07-05,2026-07-05,,Ahmedabad,380001
OI-000328,ORD-2026-000201,CUST-0029,2026-07-01 09:46,APL-BTM-F-027,APL-BTM-F-027-XXL-IND,XXL,Indigo,1,1999,1999,COD,paid,delivered,MUM-FC1,XpressBees,AWB9760064980,2026-07-02,2026-07-04,2026-07-07,,Delhi,110001
OI-000329,ORD-2026-000202,CUST-0091,2026-07-17 13:10,APL-BTM-M-016,APL-BTM-M-016-XXL-MID,XXL,Mid-Blue,1,2299,2299,UPI,paid,pending,BLR-FC1,,,,,,,Lucknow,226001
OI-000330,ORD-2026-000203,CUST-0062,2026-07-15 12:34,APL-TOP-M-052,APL-TOP-M-052-XXL-GRE,XXL,Green-Navy Check,3,1499,4497,UPI,paid,shipped,MUM-FC1,Delhivery,AWB5077620703,2026-07-17,2026-07-21,,,Kochi,682001
OI-000331,ORD-2026-000204,CUST-0062,2026-06-23 11:56,APL-BTM-F-079,APL-BTM-F-079-S-LIG,S,Light Blue,1,1299,1299,UPI,paid,delivered,MUM-FC1,Bluedart,AWB1735631170,2026-06-25,2026-06-28,2026-06-28,,Chandigarh,160017
OI-000332,ORD-2026-000204,CUST-0062,2026-06-23 11:56,APL-TOP-F-071,APL-TOP-F-071-M-LIG,M,Light Blue,2,2499,4998,UPI,paid,delivered,MUM-FC1,Bluedart,AWB1735631170,2026-06-25,2026-06-28,2026-06-28,,Chandigarh,160017
OI-000333,ORD-2026-000204,CUST-0062,2026-06-23 11:56,APL-ACC-M-095,APL-ACC-M-095-FS-CAM,Free Size,Camel,1,1299,1299,UPI,paid,delivered,MUM-FC1,Bluedart,AWB1735631170,2026-06-25,2026-06-28,2026-06-28,,Chandigarh,160017
OI-000334,ORD-2026-000204,CUST-0062,2026-06-23 11:56,APL-TOP-F-024,APL-TOP-F-024-XXL-GRE,XXL,Grey,1,1499,1499,UPI,paid,delivered,MUM-FC1,Bluedart,AWB1735631170,2026-06-25,2026-06-28,2026-06-28,,Chandigarh,160017
OI-000335,ORD-2026-000205,CUST-0060,2026-06-12 16:45,APL-TOP-M-059,APL-TOP-M-059-XXL-IVO,XXL,Ivory,1,2299,2299,UPI,paid,delivered,DEL-FC1,Delhivery,AWB8793844282,2026-06-13,2026-06-16,2026-06-16,,Pune,411001
OI-000336,ORD-2026-000206,CUST-0047,2026-07-15 20:26,APL-ACC-M-048,APL-ACC-M-048-M-BLA,M,Black-Lime,1,799,799,Credit/Debit Card,refunded,cancelled,MUM-FC1,,,,,,,Delhi,110001
OI-000337,ORD-2026-000206,CUST-0047,2026-07-15 20:26,APL-BTM-M-066,APL-BTM-M-066-XL-NAV,XL,Navy,1,599,599,Credit/Debit Card,refunded,cancelled,MUM-FC1,,,,,,,Delhi,110001
OI-000338,ORD-2026-000207,CUST-0057,2026-06-16 09:00,APL-BTM-F-034,APL-BTM-F-034-XL-BLA,XL,Black,1,1299,1299,COD,paid,delivered,DEL-FC1,DTDC,AWB2766750031,2026-06-18,2026-06-21,2026-06-24,,Pune,411001
OI-000339,ORD-2026-000207,CUST-0057,2026-06-16 09:00,APL-BTM-F-080,APL-BTM-F-080-XS-BLA,XS,Black,2,699,1398,COD,paid,delivered,DEL-FC1,DTDC,AWB2766750031,2026-06-18,2026-06-21,2026-06-24,,Pune,411001
OI-000340,ORD-2026-000208,CUST-0173,2026-06-24 12:53,APL-TOP-M-058,APL-TOP-M-058-M-WHI,M,White,1,599,599,UPI,paid,delivered,MUM-FC1,DTDC,AWB1497521191,2026-06-24,2026-06-29,2026-06-27,,Ahmedabad,380001
OI-000341,ORD-2026-000208,CUST-0173,2026-06-24 12:53,APL-TOP-M-058,APL-TOP-M-058-XS-BLA,XS,Black,1,599,599,UPI,paid,delivered,MUM-FC1,DTDC,AWB1497521191,2026-06-24,2026-06-29,2026-06-27,,Ahmedabad,380001
OI-000342,ORD-2026-000209,CUST-0061,2026-06-21 22:43,APL-BTM-F-079,APL-BTM-F-079-M-LIG,M,Light Blue,1,1299,1299,COD,refunded,returned,MUM-FC1,Ekart,AWB8695720138,2026-06-23,2026-06-25,2026-06-29,Quality not as expected,Kolkata,700001
OI-000343,ORD-2026-000209,CUST-0061,2026-06-21 22:43,APL-BTM-M-065,APL-BTM-M-065-XS-OLI,XS,Olive,1,1999,1999,COD,refunded,returned,MUM-FC1,Ekart,AWB8695720138,2026-06-23,2026-06-25,2026-06-29,Size too small,Kolkata,700001
OI-000344,ORD-2026-000210,CUST-0122,2026-06-20 15:09,APL-BTM-F-079,APL-BTM-F-079-XXL-BLA,XXL,Black,1,1299,1299,COD,paid,delivered,MUM-FC1,Delhivery,AWB9557554751,2026-06-21,2026-06-23,2026-06-23,,Ahmedabad,380001
OI-000345,ORD-2026-000210,CUST-0122,2026-06-20 15:09,APL-TOP-F-071,APL-TOP-F-071-XL-WHI,XL,White,1,2499,2499,COD,paid,delivered,MUM-FC1,Delhivery,AWB9557554751,2026-06-21,2026-06-23,2026-06-23,,Ahmedabad,380001
OI-000346,ORD-2026-000211,CUST-0031,2026-06-19 14:52,APL-ACC-M-096,APL-ACC-M-096-L-BLA,L,Black,1,599,599,UPI,paid,delivered,BLR-FC1,Bluedart,AWB9420293356,2026-06-19,2026-06-25,2026-06-22,,Delhi,110001
OI-000347,ORD-2026-000212,CUST-0156,2026-06-09 10:25,APL-ACC-M-096,APL-ACC-M-096-S-GRE,S,Grey,1,599,599,UPI,refunded,returned,BLR-FC1,DTDC,AWB3904437088,2026-06-11,2026-06-15,2026-06-16,Color mismatch,Hyderabad,500001
OI-000348,ORD-2026-000212,CUST-0156,2026-06-09 10:25,APL-BTM-M-063,APL-BTM-M-063-L-COB,L,Cobalt,2,799,1598,UPI,refunded,returned,BLR-FC1,DTDC,AWB3904437088,2026-06-11,2026-06-15,2026-06-16,Changed mind,Hyderabad,500001
OI-000349,ORD-2026-000213,CUST-0107,2026-07-16 15:17,APL-TOP-M-003,APL-TOP-M-003-XL-GRE,XL,Grey Melange,1,1199,1199,COD,pending,shipped,MUM-FC1,XpressBees,AWB7434361796,2026-07-19,2026-07-21,,,Lucknow,226001
OI-000350,ORD-2026-000214,CUST-0175,2026-07-15 15:19,APL-BTM-F-082,APL-BTM-F-082-L-BLU,L,Blush,1,1199,1199,Credit/Debit Card,paid,confirmed,BLR-FC1,,,,,,,Chandigarh,160017
OI-000351,ORD-2026-000214,CUST-0175,2026-07-15 15:19,APL-TOP-F-019,APL-TOP-F-019-XL-FLH,XL,Floral Teal,1,1999,1999,Credit/Debit Card,paid,confirmed,BLR-FC1,,,,,,,Chandigarh,160017
OI-000352,ORD-2026-000214,CUST-0175,2026-07-15 15:19,APL-TOP-M-002,APL-TOP-M-002-XL-SKY,XL,Sky Blue,1,1499,1499,Credit/Debit Card,paid,confirmed,BLR-FC1,,,,,,,Chandigarh,160017
OI-000353,ORD-2026-000214,CUST-0175,2026-07-15 15:19,APL-ACC-M-045,APL-ACC-M-045-FS-MUS,Free Size,Mustard,1,699,699,Credit/Debit Card,paid,confirmed,BLR-FC1,,,,,,,Chandigarh,160017
OI-000354,ORD-2026-000215,CUST-0101,2026-06-21 12:40,APL-BTM-F-084,APL-BTM-F-084-XL-TAU,XL,Taupe,1,1499,1499,COD,paid,delivered,MUM-FC1,XpressBees,AWB9172652771,2026-06-23,2026-06-28,2026-06-26,,Kolkata,700001
OI-000355,ORD-2026-000216,CUST-0137,2026-07-06 16:51,APL-TOP-M-052,APL-TOP-M-052-S-RED,S,Red-Black Check,1,1499,1499,Credit/Debit Card,paid,delivered,MUM-FC1,Ekart,AWB9467436886,2026-07-07,2026-07-11,2026-07-10,,Delhi,110001
OI-000356,ORD-2026-000216,CUST-0137,2026-07-06 16:51,APL-BTM-M-064,APL-BTM-M-064-XS-NAV,XS,Navy,1,999,999,Credit/Debit Card,paid,delivered,MUM-FC1,Ekart,AWB9467436886,2026-07-07,2026-07-11,2026-07-10,,Delhi,110001
OI-000357,ORD-2026-000216,CUST-0137,2026-07-06 16:51,APL-BTM-M-065,APL-BTM-M-065-M-OLI,M,Olive,1,1999,1999,Credit/Debit Card,paid,delivered,MUM-FC1,Ekart,AWB9467436886,2026-07-07,2026-07-11,2026-07-10,,Delhi,110001
OI-000358,ORD-2026-000216,CUST-0137,2026-07-06 16:51,APL-BTM-F-083,APL-BTM-F-083-XL-BLA,XL,Black,1,1499,1499,Credit/Debit Card,paid,delivered,MUM-FC1,Ekart,AWB9467436886,2026-07-07,2026-07-11,2026-07-10,,Delhi,110001
OI-000359,ORD-2026-000217,CUST-0067,2026-06-30 20:30,APL-BTM-F-083,APL-BTM-F-083-S-BLA,S,Black,1,1499,1499,Netbanking,paid,delivered,MUM-FC1,XpressBees,AWB1188750998,2026-07-02,2026-07-06,2026-07-05,,Ahmedabad,380001
OI-000360,ORD-2026-000217,CUST-0067,2026-06-30 20:30,APL-BTM-F-078,APL-BTM-F-078-XS-DAR,XS,Dark Blue,1,1999,1999,Netbanking,paid,delivered,MUM-FC1,XpressBees,AWB1188750998,2026-07-02,2026-07-06,2026-07-05,,Ahmedabad,380001
OI-000361,ORD-2026-000218,CUST-0093,2026-06-28 20:18,APL-TOP-M-006,APL-TOP-M-006-XS-OLI,XS,Olive,1,2999,2999,COD,paid,delivered,DEL-FC1,DTDC,AWB9331903859,2026-07-01,2026-07-05,2026-07-04,,Bengaluru,560001
OI-000362,ORD-2026-000218,CUST-0093,2026-06-28 20:18,APL-TOP-F-072,APL-TOP-F-072-L-BLA,L,Black,1,2999,2999,COD,paid,delivered,DEL-FC1,DTDC,AWB9331903859,2026-07-01,2026-07-05,2026-07-04,,Bengaluru,560001
OI-000363,ORD-2026-000218,CUST-0093,2026-06-28 20:18,APL-TOP-M-007,APL-TOP-M-007-M-MUS,M,Mustard,1,1499,1499,COD,paid,delivered,DEL-FC1,DTDC,AWB9331903859,2026-07-01,2026-07-05,2026-07-04,,Bengaluru,560001
OI-000364,ORD-2026-000218,CUST-0093,2026-06-28 20:18,APL-BTM-F-080,APL-BTM-F-080-XL-COC,XL,Cocoa,1,699,699,COD,paid,delivered,DEL-FC1,DTDC,AWB9331903859,2026-07-01,2026-07-05,2026-07-04,,Bengaluru,560001
OI-000365,ORD-2026-000219,CUST-0079,2026-07-05 19:40,APL-TOP-F-074,APL-TOP-F-074-XS-BLA,XS,Black,1,599,599,COD,paid,delivered,BLR-FC1,XpressBees,AWB4743608533,2026-07-07,2026-07-11,2026-07-12,,Chandigarh,160017
OI-000366,ORD-2026-000219,CUST-0079,2026-07-05 19:40,APL-ACC-F-047,APL-ACC-F-047-L-BLA,L,Black,1,499,499,COD,paid,delivered,BLR-FC1,XpressBees,AWB4743608533,2026-07-07,2026-07-11,2026-07-12,,Chandigarh,160017
OI-000367,ORD-2026-000220,CUST-0017,2026-07-10 08:54,APL-BTM-M-064,APL-BTM-M-064-L-KHA,L,Khaki,1,999,999,COD,paid,delivered,MUM-FC1,Ekart,AWB9733694134,2026-07-12,2026-07-15,2026-07-18,,Hyderabad,500001
OI-000368,ORD-2026-000221,CUST-0099,2026-07-01 09:49,APL-TOP-F-068,APL-TOP-F-068-XL-DUS,XL,Dusty Rose,1,1299,1299,UPI,paid,delivered,DEL-FC1,Ekart,AWB4445043068,2026-07-01,2026-07-07,2026-07-04,,Hyderabad,500001
OI-000369,ORD-2026-000222,CUST-0084,2026-06-25 20:08,APL-BTM-M-064,APL-BTM-M-064-XS-COR,XS,Coral,1,999,999,Wallet,paid,delivered,MUM-FC1,DTDC,AWB8848586925,2026-06-25,2026-07-01,2026-06-26,,Kochi,682001
OI-000370,ORD-2026-000223,CUST-0088,2026-06-23 11:13,APL-BTM-M-064,APL-BTM-M-064-S-NAV,S,Navy,1,999,999,UPI,paid,delivered,MUM-FC1,Delhivery,AWB6446267906,2026-06-23,2026-06-25,2026-06-26,,Kochi,682001
OI-000371,ORD-2026-000224,CUST-0150,2026-07-15 16:37,APL-ACC-M-039,APL-ACC-M-039-FS-BLR,Free Size,Black-Blue,1,1299,1299,Netbanking,paid,packed,BLR-FC1,,,,,,,Bengaluru,560001
OI-000372,ORD-2026-000225,CUST-0123,2026-06-26 18:56,APL-BTM-M-013,APL-BTM-M-013-XL-STO,XL,Stone Grey,1,1299,1299,COD,paid,delivered,DEL-FC1,XpressBees,AWB9918285525,2026-06-26,2026-06-29,2026-07-01,,Hyderabad,500001
OI-000373,ORD-2026-000226,CUST-0051,2026-07-04 20:44,APL-BTM-M-061,APL-BTM-M-061-M-CHA,M,Charcoal,1,1799,1799,Credit/Debit Card,paid,delivered,MUM-FC1,DTDC,AWB2520018007,2026-07-06,2026-07-08,2026-07-10,,Bengaluru,560001
OI-000374,ORD-2026-000227,CUST-0161,2026-06-19 13:19,APL-TOP-M-059,APL-TOP-M-059-XL-CHA,XL,Charcoal,3,2299,6897,COD,paid,delivered,DEL-FC1,XpressBees,AWB4685623850,2026-06-19,2026-06-21,2026-06-22,,Kolkata,700001
OI-000375,ORD-2026-000227,CUST-0161,2026-06-19 13:19,APL-BTM-M-060,APL-BTM-M-060-XXL-WAS,XXL,Washed Blue,2,1999,3998,COD,paid,delivered,DEL-FC1,XpressBees,AWB4685623850,2026-06-19,2026-06-21,2026-06-22,,Kolkata,700001
OI-000376,ORD-2026-000228,CUST-0082,2026-06-10 10:54,APL-TOP-F-073,APL-TOP-F-073-S-CRE,S,Cream,1,1499,1499,COD,paid,delivered,BLR-FC1,Ekart,AWB8345317039,2026-06-12,2026-06-15,2026-06-17,,Hyderabad,500001
OI-000377,ORD-2026-000229,CUST-0112,2026-07-18 09:13,APL-ACC-F-098,APL-ACC-F-098-M-WHI,M,White,2,399,798,UPI,paid,confirmed,BLR-FC1,,,,,,,Mumbai,400001
OI-000378,ORD-2026-000230,CUST-0083,2026-06-22 15:31,APL-TOP-F-075,APL-TOP-F-075-XL-WHI,XL,White,1,1999,1999,UPI,paid,delivered,BLR-FC1,XpressBees,AWB4769268217,2026-06-22,2026-06-28,2026-06-24,,Hyderabad,500001
OI-000379,ORD-2026-000231,CUST-0146,2026-07-11 15:10,APL-TOP-F-069,APL-TOP-F-069-M-MOC,M,Mocha,1,999,999,Credit/Debit Card,paid,shipped,MUM-FC1,XpressBees,AWB1608923304,2026-07-13,2026-07-19,,,Hyderabad,500001
OI-000380,ORD-2026-000231,CUST-0146,2026-07-11 15:10,APL-BTM-M-017,APL-BTM-M-017-XXL-SAG,XXL,Sage,2,999,1998,Credit/Debit Card,paid,shipped,MUM-FC1,XpressBees,AWB1608923304,2026-07-13,2026-07-19,,,Hyderabad,500001
OI-000381,ORD-2026-000231,CUST-0146,2026-07-11 15:10,APL-TOP-M-058,APL-TOP-M-058-XS-BLA,XS,Black,1,599,599,Credit/Debit Card,paid,shipped,MUM-FC1,XpressBees,AWB1608923304,2026-07-13,2026-07-19,,,Hyderabad,500001
OI-000382,ORD-2026-000232,CUST-0145,2026-06-10 18:47,APL-TOP-M-055,APL-TOP-M-055-M-CAM,M,Camel,1,1799,1799,UPI,refunded,returned,DEL-FC1,Delhivery,AWB3885702362,2026-06-11,2026-06-16,2026-06-16,Quality not as expected,Hyderabad,500001
OI-000383,ORD-2026-000232,CUST-0145,2026-06-10 18:47,APL-TOP-F-022,APL-TOP-F-022-XXL-POW,XXL,Powder Blue,1,1499,1499,UPI,refunded,returned,DEL-FC1,Delhivery,AWB3885702362,2026-06-11,2026-06-16,2026-06-16,Color mismatch,Hyderabad,500001
OI-000384,ORD-2026-000233,CUST-0027,2026-06-06 09:11,APL-TOP-M-007,APL-TOP-M-007-M-WHI,M,White,1,1499,1499,COD,paid,delivered,DEL-FC1,DTDC,AWB4656796845,2026-06-07,2026-06-09,2026-06-12,,Pune,411001
OI-000385,ORD-2026-000233,CUST-0027,2026-06-06 09:11,APL-TOP-F-068,APL-TOP-F-068-L-IVO,L,Ivory,1,1299,1299,COD,paid,delivered,DEL-FC1,DTDC,AWB4656796845,2026-06-07,2026-06-09,2026-06-12,,Pune,411001
OI-000386,ORD-2026-000234,CUST-0138,2026-07-18 18:34,APL-BTM-F-084,APL-BTM-F-084-XL-BLA,XL,Black,1,1499,1499,COD,pending,confirmed,MUM-FC1,,,,,,,Jaipur,302001
OI-000387,ORD-2026-000235,CUST-0118,2026-06-16 19:13,APL-TOP-F-024,APL-TOP-F-024-XS-GRE,XS,Grey,1,1499,1499,COD,paid,delivered,MUM-FC1,DTDC,AWB9967211708,2026-06-18,2026-06-20,2026-06-20,,Mumbai,400001
OI-000388,ORD-2026-000235,CUST-0118,2026-06-16 19:13,APL-TOP-F-024,APL-TOP-F-024-XS-LIL,XS,Lilac,1,1499,1499,COD,paid,delivered,MUM-FC1,DTDC,AWB9967211708,2026-06-18,2026-06-20,2026-06-20,,Mumbai,400001
OI-000389,ORD-2026-000235,CUST-0118,2026-06-16 19:13,APL-BTM-M-067,APL-BTM-M-067-XXL-BRO,XXL,Brown,1,1799,1799,COD,paid,delivered,MUM-FC1,DTDC,AWB9967211708,2026-06-18,2026-06-20,2026-06-20,,Mumbai,400001
OI-000390,ORD-2026-000236,CUST-0127,2026-05-27 20:12,APL-TOP-F-069,APL-TOP-F-069-XL-MOC,XL,Mocha,1,999,999,UPI,refunded,cancelled,MUM-FC1,,,,,,,Mumbai,400001
OI-000391,ORD-2026-000237,CUST-0105,2026-06-21 11:58,APL-BTM-F-030,APL-BTM-F-030-XXL-BLU,XXL,Blush Pink,1,1499,1499,UPI,paid,delivered,DEL-FC1,Delhivery,AWB4771575648,2026-06-23,2026-06-26,2026-06-25,,Bengaluru,560001
OI-000392,ORD-2026-000237,CUST-0105,2026-06-21 11:58,APL-TOP-M-059,APL-TOP-M-059-S-MAR,S,Maroon,1,2299,2299,UPI,paid,delivered,DEL-FC1,Delhivery,AWB4771575648,2026-06-23,2026-06-26,2026-06-25,,Bengaluru,560001
OI-000393,ORD-2026-000238,CUST-0077,2026-07-13 14:06,APL-BTM-F-032,APL-BTM-F-032-M-BLA,M,Black,1,1799,1799,Wallet,paid,delivered,BLR-FC1,DTDC,AWB5351490192,2026-07-14,2026-07-17,2026-07-19,,Lucknow,226001
OI-000394,ORD-2026-000239,CUST-0092,2026-06-30 20:49,APL-TOP-M-008,APL-TOP-M-008-L-ELE,L,Electric Blue,2,799,1598,Credit/Debit Card,paid,delivered,DEL-FC1,Delhivery,AWB7987813752,2026-07-01,2026-07-06,2026-07-04,,Jaipur,302001
OI-000395,ORD-2026-000240,CUST-0042,2026-07-11 18:34,APL-BTM-F-027,APL-BTM-F-027-XL-BLA,XL,Black,3,1999,5997,Wallet,paid,shipped,MUM-FC1,Delhivery,AWB9648483353,2026-07-13,2026-07-16,,,Jaipur,302001
OI-000396,ORD-2026-000241,CUST-0046,2026-06-20 10:44,APL-TOP-F-023,APL-TOP-F-023-S-EME,S,Emerald,1,2299,2299,COD,paid,delivered,BLR-FC1,Delhivery,AWB8048631595,2026-06-20,2026-06-23,2026-06-25,,Pune,411001
OI-000397,ORD-2026-000241,CUST-0046,2026-06-20 10:44,APL-BTM-M-014,APL-BTM-M-014-XL-CHA,XL,Charcoal,1,1999,1999,COD,paid,delivered,BLR-FC1,Delhivery,AWB8048631595,2026-06-20,2026-06-23,2026-06-25,,Pune,411001
OI-000398,ORD-2026-000241,CUST-0046,2026-06-20 10:44,APL-BTM-M-014,APL-BTM-M-014-L-CHA,L,Charcoal,1,1999,1999,COD,paid,delivered,BLR-FC1,Delhivery,AWB8048631595,2026-06-20,2026-06-23,2026-06-25,,Pune,411001
OI-000399,ORD-2026-000241,CUST-0046,2026-06-20 10:44,APL-TOP-F-073,APL-TOP-F-073-XXL-CRE,XXL,Cream,1,1499,1499,COD,paid,delivered,BLR-FC1,Delhivery,AWB8048631595,2026-06-20,2026-06-23,2026-06-25,,Pune,411001
OI-000400,ORD-2026-000242,CUST-0093,2026-07-18 19:31,APL-TOP-M-051,APL-TOP-M-051-L-OLI,L,Olive-Cream,1,799,799,Netbanking,paid,confirmed,DEL-FC1,,,,,,,Ahmedabad,380001
OI-000401,ORD-2026-000243,CUST-0177,2026-05-25 22:06,APL-ACC-M-091,APL-ACC-M-091-FS-BEI,Free Size,Beige,1,799,799,UPI,paid,delivered,DEL-FC1,XpressBees,AWB8743274467,2026-05-26,2026-05-29,2026-06-01,,Hyderabad,500001
OI-000402,ORD-2026-000244,CUST-0049,2026-07-18 10:50,APL-TOP-M-006,APL-TOP-M-006-XS-BLA,XS,Black,1,2999,2999,COD,pending,confirmed,DEL-FC1,,,,,,,Delhi,110001
OI-000403,ORD-2026-000245,CUST-0167,2026-07-17 08:04,APL-TOP-F-019,APL-TOP-F-019-XL-FLH,XL,Floral Teal,1,1999,1999,Wallet,paid,pending,BLR-FC1,,,,,,,Pune,411001
OI-000404,ORD-2026-000245,CUST-0167,2026-07-17 08:04,APL-BTM-M-063,APL-BTM-M-063-XS-COB,XS,Cobalt,1,799,799,Wallet,paid,pending,BLR-FC1,,,,,,,Pune,411001
OI-000405,ORD-2026-000246,CUST-0094,2026-06-18 21:15,APL-TOP-M-005,APL-TOP-M-005-M-NAV,M,Navy,1,1499,1499,Credit/Debit Card,paid,delivered,DEL-FC1,Bluedart,AWB9129820969,2026-06-19,2026-06-23,2026-06-22,,Bengaluru,560001
OI-000406,ORD-2026-000246,CUST-0094,2026-06-18 21:15,APL-TOP-M-007,APL-TOP-M-007-L-MUS,L,Mustard,1,1499,1499,Credit/Debit Card,paid,delivered,DEL-FC1,Bluedart,AWB9129820969,2026-06-19,2026-06-23,2026-06-22,,Bengaluru,560001
OI-000407,ORD-2026-000246,CUST-0094,2026-06-18 21:15,APL-TOP-M-051,APL-TOP-M-051-XS-NAV,XS,Navy-White,1,799,799,Credit/Debit Card,paid,delivered,DEL-FC1,Bluedart,AWB9129820969,2026-06-19,2026-06-23,2026-06-22,,Bengaluru,560001
OI-000408,ORD-2026-000247,CUST-0113,2026-07-08 16:45,APL-TOP-M-059,APL-TOP-M-059-L-CHA,L,Charcoal,1,2299,2299,COD,paid,delivered,DEL-FC1,XpressBees,AWB1819435321,2026-07-09,2026-07-11,2026-07-12,,Delhi,110001
OI-000409,ORD-2026-000248,CUST-0087,2026-07-10 11:30,APL-BTM-M-060,APL-BTM-M-060-S-WAS,S,Washed Blue,1,1999,1999,Netbanking,paid,delivered,DEL-FC1,Delhivery,AWB9008668825,2026-07-11,2026-07-13,2026-07-13,,Kolkata,700001
OI-000410,ORD-2026-000249,CUST-0118,2026-07-07 20:28,APL-TOP-F-068,APL-TOP-F-068-L-DUS,L,Dusty Rose,2,1299,2598,UPI,paid,delivered,DEL-FC1,Delhivery,AWB2105183654,2026-07-10,2026-07-15,2026-07-15,,Pune,411001
OI-000411,ORD-2026-000250,CUST-0165,2026-06-14 16:41,APL-BTM-M-014,APL-BTM-M-014-XL-BLA,XL,Black,1,1999,1999,COD,paid,delivered,BLR-FC1,Bluedart,AWB1974483965,2026-06-15,2026-06-17,2026-06-20,,Lucknow,226001
OI-000412,ORD-2026-000251,CUST-0010,2026-05-27 21:12,APL-ACC-M-096,APL-ACC-M-096-M-NAV,M,Navy,2,599,1198,UPI,paid,delivered,BLR-FC1,Delhivery,AWB3079665393,2026-05-30,2026-06-01,2026-05-31,,Mumbai,400001
OI-000413,ORD-2026-000252,CUST-0126,2026-07-03 22:13,APL-TOP-M-009,APL-TOP-M-009-XS-NAV,XS,Navy,1,3999,3999,UPI,paid,delivered,BLR-FC1,Bluedart,AWB6057359937,2026-07-04,2026-07-09,2026-07-08,,Ahmedabad,380001
OI-000414,ORD-2026-000252,CUST-0126,2026-07-03 22:13,APL-BTM-M-063,APL-BTM-M-063-M-COB,M,Cobalt,1,799,799,UPI,paid,delivered,BLR-FC1,Bluedart,AWB6057359937,2026-07-04,2026-07-09,2026-07-08,,Ahmedabad,380001
OI-000415,ORD-2026-000253,CUST-0001,2026-06-10 17:29,APL-TOP-M-006,APL-TOP-M-006-XS-BLA,XS,Black,1,2999,2999,COD,paid,delivered,DEL-FC1,DTDC,AWB3242857602,2026-06-10,2026-06-15,2026-06-15,,Chennai,600001
OI-000416,ORD-2026-000254,CUST-0109,2026-06-21 15:50,APL-BTM-M-064,APL-BTM-M-064-XL-KHA,XL,Khaki,2,999,1998,COD,paid,delivered,MUM-FC1,Ekart,AWB5516547555,2026-06-23,2026-06-25,2026-06-24,,Delhi,110001
OI-000417,ORD-2026-000254,CUST-0109,2026-06-21 15:50,APL-TOP-F-021,APL-TOP-F-021-L-TEA,L,Teal,1,2299,2299,COD,paid,delivered,MUM-FC1,Ekart,AWB5516547555,2026-06-23,2026-06-25,2026-06-24,,Delhi,110001
OI-000418,ORD-2026-000254,CUST-0109,2026-06-21 15:50,APL-BTM-M-064,APL-BTM-M-064-L-KHA,L,Khaki,1,999,999,COD,paid,delivered,MUM-FC1,Ekart,AWB5516547555,2026-06-23,2026-06-25,2026-06-24,,Delhi,110001
OI-000419,ORD-2026-000254,CUST-0109,2026-06-21 15:50,APL-ACC-F-050,APL-ACC-F-050-S-BLA,S,Black,1,499,499,COD,paid,delivered,MUM-FC1,Ekart,AWB5516547555,2026-06-23,2026-06-25,2026-06-24,,Delhi,110001
OI-000420,ORD-2026-000255,CUST-0170,2026-06-24 09:28,APL-TOP-M-058,APL-TOP-M-058-XXL-WHI,XXL,White,1,599,599,COD,paid,delivered,MUM-FC1,DTDC,AWB2640648159,2026-06-24,2026-06-26,2026-06-30,,Pune,411001
OI-000421,ORD-2026-000255,CUST-0170,2026-06-24 09:28,APL-BTM-F-078,APL-BTM-F-078-XS-DAR,XS,Dark Blue,1,1999,1999,COD,paid,delivered,MUM-FC1,DTDC,AWB2640648159,2026-06-24,2026-06-26,2026-06-30,,Pune,411001
OI-000422,ORD-2026-000255,CUST-0170,2026-06-24 09:28,APL-BTM-M-067,APL-BTM-M-067-XL-BRO,XL,Brown,1,1799,1799,COD,paid,delivered,MUM-FC1,DTDC,AWB2640648159,2026-06-24,2026-06-26,2026-06-30,,Pune,411001
OI-000423,ORD-2026-000255,CUST-0170,2026-06-24 09:28,APL-ACC-M-097,APL-ACC-M-097-L-ASS,L,Assorted Prints,1,799,799,COD,paid,delivered,MUM-FC1,DTDC,AWB2640648159,2026-06-24,2026-06-26,2026-06-30,,Pune,411001
OI-000424,ORD-2026-000256,CUST-0175,2026-06-17 20:58,APL-BTM-M-065,APL-BTM-M-065-XXL-BLA,XXL,Black,1,1999,1999,COD,not_charged,cancelled,MUM-FC1,,,,,,,Lucknow,226001
OI-000425,ORD-2026-000257,CUST-0060,2026-07-09 11:34,APL-BTM-F-029,APL-BTM-F-029-L-BEI,L,Beige,1,1499,1499,Netbanking,paid,shipped,BLR-FC1,Ekart,AWB8588695433,2026-07-10,2026-07-15,,,Hyderabad,500001
OI-000426,ORD-2026-000258,CUST-0069,2026-07-17 22:25,APL-BTM-M-062,APL-BTM-M-062-S-BEI,S,Beige,1,1499,1499,COD,pending,confirmed,BLR-FC1,,,,,,,Ahmedabad,380001
OI-000427,ORD-2026-000259,CUST-0112,2026-06-10 19:01,APL-TOP-M-052,APL-TOP-M-052-XS-GRE,XS,Green-Navy Check,1,1499,1499,COD,paid,delivered,MUM-FC1,Ekart,AWB3725529239,2026-06-13,2026-06-16,2026-06-19,,Mumbai,400001
OI-000428,ORD-2026-000259,CUST-0112,2026-06-10 19:01,APL-TOP-F-069,APL-TOP-F-069-XS-BLA,XS,Black,1,999,999,COD,paid,delivered,MUM-FC1,Ekart,AWB3725529239,2026-06-13,2026-06-16,2026-06-19,,Mumbai,400001
OI-000429,ORD-2026-000260,CUST-0066,2026-07-10 15:54,APL-ACC-F-050,APL-ACC-F-050-L-WHI,L,White,1,499,499,UPI,paid,delivered,MUM-FC1,DTDC,AWB2170113474,2026-07-12,2026-07-18,2026-07-13,,Bengaluru,560001
OI-000430,ORD-2026-000260,CUST-0066,2026-07-10 15:54,APL-TOP-F-021,APL-TOP-F-021-XL-COR,XL,Coral,1,2299,2299,UPI,paid,delivered,MUM-FC1,DTDC,AWB2170113474,2026-07-12,2026-07-18,2026-07-13,,Bengaluru,560001
OI-000431,ORD-2026-000261,CUST-0059,2026-06-04 20:15,APL-TOP-M-006,APL-TOP-M-006-M-OLI,M,Olive,1,2999,2999,UPI,refunded,cancelled,DEL-FC1,,,,,,,Mumbai,400001
OI-000432,ORD-2026-000262,CUST-0082,2026-06-14 21:16,APL-BTM-M-013,APL-BTM-M-013-XXL-KHA,XXL,Khaki,1,1299,1299,UPI,paid,delivered,DEL-FC1,Delhivery,AWB6706522191,2026-06-16,2026-06-20,2026-06-21,,Chennai,600001
OI-000433,ORD-2026-000263,CUST-0144,2026-06-14 21:44,APL-TOP-M-059,APL-TOP-M-059-M-CHA,M,Charcoal,1,2299,2299,UPI,paid,delivered,DEL-FC1,XpressBees,AWB1653908146,2026-06-14,2026-06-20,2026-06-20,,Chennai,600001
OI-000434,ORD-2026-000264,CUST-0060,2026-06-10 15:36,APL-TOP-F-020,APL-TOP-F-020-XXL-WHI,XXL,White,1,799,799,Wallet,refunded,returned,DEL-FC1,XpressBees,AWB7584838219,2026-06-10,2026-06-16,2026-06-16,Size too large,Hyderabad,500001
OI-000435,ORD-2026-000265,CUST-0132,2026-06-19 19:29,APL-BTM-M-065,APL-BTM-M-065-M-OLI,M,Olive,1,1999,1999,UPI,paid,delivered,MUM-FC1,Ekart,AWB6266967246,2026-06-19,2026-06-21,2026-06-22,,Chennai,600001
OI-000436,ORD-2026-000265,CUST-0132,2026-06-19 19:29,APL-TOP-F-071,APL-TOP-F-071-XL-LIG,XL,Light Blue,1,2499,2499,UPI,paid,delivered,MUM-FC1,Ekart,AWB6266967246,2026-06-19,2026-06-21,2026-06-22,,Chennai,600001
OI-000437,ORD-2026-000265,CUST-0132,2026-06-19 19:29,APL-BTM-M-065,APL-BTM-M-065-XXL-OLI,XXL,Olive,1,1999,1999,UPI,paid,delivered,MUM-FC1,Ekart,AWB6266967246,2026-06-19,2026-06-21,2026-06-22,,Chennai,600001
OI-000438,ORD-2026-000266,CUST-0081,2026-07-18 13:32,APL-TOP-F-019,APL-TOP-F-019-S-FLO,S,Floral Coral,1,1999,1999,COD,pending,pending,BLR-FC1,,,,,,,Hyderabad,500001
OI-000439,ORD-2026-000267,CUST-0134,2026-06-17 15:33,APL-BTM-F-082,APL-BTM-F-082-XS-BLU,XS,Blush,2,1199,2398,COD,refunded,returned,BLR-FC1,XpressBees,AWB3205704665,2026-06-18,2026-06-22,2026-06-22,Quality not as expected,Kochi,682001
OI-000440,ORD-2026-000268,CUST-0096,2026-06-12 19:59,APL-TOP-M-004,APL-TOP-M-004-M-MAR,M,Maroon,1,1999,1999,Credit/Debit Card,refunded,returned,MUM-FC1,Ekart,AWB1553844782,2026-06-12,2026-06-18,2026-06-16,Color mismatch,Mumbai,400001
OI-000441,ORD-2026-000268,CUST-0096,2026-06-12 19:59,APL-BTM-M-064,APL-BTM-M-064-L-COR,L,Coral,1,999,999,Credit/Debit Card,refunded,returned,MUM-FC1,Ekart,AWB1553844782,2026-06-12,2026-06-18,2026-06-16,Color mismatch,Mumbai,400001
OI-000442,ORD-2026-000269,CUST-0088,2026-07-09 14:44,APL-TOP-F-071,APL-TOP-F-071-XL-WHI,XL,White,1,2499,2499,UPI,paid,shipped,MUM-FC1,Bluedart,AWB2357240727,2026-07-11,2026-07-13,,,Chennai,600001
OI-000443,ORD-2026-000269,CUST-0088,2026-07-09 14:44,APL-ACC-F-050,APL-ACC-F-050-S-WHI,S,White,1,499,499,UPI,paid,shipped,MUM-FC1,Bluedart,AWB2357240727,2026-07-11,2026-07-13,,,Chennai,600001
OI-000444,ORD-2026-000269,CUST-0088,2026-07-09 14:44,APL-TOP-M-058,APL-TOP-M-058-XS-BLA,XS,Black,1,599,599,UPI,paid,shipped,MUM-FC1,Bluedart,AWB2357240727,2026-07-11,2026-07-13,,,Chennai,600001
OI-000445,ORD-2026-000270,CUST-0087,2026-06-05 15:35,APL-TOP-F-026,APL-TOP-F-026-XL-SKY,XL,Sky,1,999,999,Credit/Debit Card,paid,delivered,BLR-FC1,XpressBees,AWB8777637527,2026-06-05,2026-06-11,2026-06-09,,Chandigarh,160017
OI-000446,ORD-2026-000271,CUST-0034,2026-06-03 15:06,APL-TOP-M-054,APL-TOP-M-054-XXL-FOR,XXL,Forest Green,1,1499,1499,Credit/Debit Card,paid,delivered,BLR-FC1,DTDC,AWB7937921803,2026-06-05,2026-06-08,2026-06-08,,Bengaluru,560001
OI-000447,ORD-2026-000272,CUST-0169,2026-06-10 21:14,APL-TOP-M-051,APL-TOP-M-051-M-OLI,M,Olive-Cream,1,799,799,Credit/Debit Card,refunded,returned,DEL-FC1,Delhivery,AWB6866232221,2026-06-12,2026-06-16,2026-06-15,Size too large,Kochi,682001
OI-000448,ORD-2026-000272,CUST-0169,2026-06-10 21:14,APL-TOP-M-051,APL-TOP-M-051-XS-NAV,XS,Navy-White,1,799,799,Credit/Debit Card,refunded,returned,DEL-FC1,Delhivery,AWB6866232221,2026-06-12,2026-06-16,2026-06-15,Changed mind,Kochi,682001
OI-000449,ORD-2026-000273,CUST-0106,2026-06-13 17:48,APL-ACC-M-035,APL-ACC-M-035-FS-GOL,Free Size,Gold-Green,1,999,999,COD,paid,delivered,MUM-FC1,Bluedart,AWB6694740409,2026-06-13,2026-06-17,2026-06-17,,Bengaluru,560001
OI-000450,ORD-2026-000273,CUST-0106,2026-06-13 17:48,APL-TOP-M-058,APL-TOP-M-058-XS-BLA,XS,Black,1,599,599,COD,paid,delivered,MUM-FC1,Bluedart,AWB6694740409,2026-06-13,2026-06-17,2026-06-17,,Bengaluru,560001
OI-000451,ORD-2026-000273,CUST-0106,2026-06-13 17:48,APL-BTM-M-066,APL-BTM-M-066-XXL-GRE,XXL,Grey Melange,2,599,1198,COD,paid,delivered,MUM-FC1,Bluedart,AWB6694740409,2026-06-13,2026-06-17,2026-06-17,,Bengaluru,560001
OI-000452,ORD-2026-000274,CUST-0045,2026-06-06 10:54,APL-BTM-M-015,APL-BTM-M-015-XS-NAV,XS,Navy,1,999,999,COD,paid,delivered,DEL-FC1,DTDC,AWB8657534113,2026-06-07,2026-06-12,2026-06-13,,Lucknow,226001
OI-000453,ORD-2026-000274,CUST-0045,2026-06-06 10:54,APL-BTM-F-033,APL-BTM-F-033-XXL-ROS,XXL,Rosewood,1,1299,1299,COD,paid,delivered,DEL-FC1,DTDC,AWB8657534113,2026-06-07,2026-06-12,2026-06-13,,Lucknow,226001
OI-000454,ORD-2026-000274,CUST-0045,2026-06-06 10:54,APL-BTM-F-034,APL-BTM-F-034-XXL-DEE,XXL,Deep Blue,1,1299,1299,COD,paid,delivered,DEL-FC1,DTDC,AWB8657534113,2026-06-07,2026-06-12,2026-06-13,,Lucknow,226001
OI-000455,ORD-2026-000275,CUST-0007,2026-07-13 13:04,APL-BTM-M-065,APL-BTM-M-065-L-OLI,L,Olive,1,1999,1999,UPI,paid,out_for_delivery,MUM-FC1,XpressBees,AWB7315636831,2026-07-14,2026-07-19,,,Ahmedabad,380001
OI-000456,ORD-2026-000275,CUST-0007,2026-07-13 13:04,APL-BTM-M-067,APL-BTM-M-067-M-RUS,M,Rust,3,1799,5397,UPI,paid,out_for_delivery,MUM-FC1,XpressBees,AWB7315636831,2026-07-14,2026-07-19,,,Ahmedabad,380001
OI-000457,ORD-2026-000275,CUST-0007,2026-07-13 13:04,APL-TOP-F-024,APL-TOP-F-024-L-GRE,L,Grey,2,1499,2998,UPI,paid,out_for_delivery,MUM-FC1,XpressBees,AWB7315636831,2026-07-14,2026-07-19,,,Ahmedabad,380001
OI-000458,ORD-2026-000276,CUST-0018,2026-06-27 22:42,APL-BTM-F-079,APL-BTM-F-079-L-LIG,L,Light Blue,1,1299,1299,COD,paid,delivered,MUM-FC1,Delhivery,AWB7739807151,2026-06-30,2026-07-02,2026-07-01,,Lucknow,226001
OI-000459,ORD-2026-000276,CUST-0018,2026-06-27 22:42,APL-TOP-F-024,APL-TOP-F-024-M-LIL,M,Lilac,1,1499,1499,COD,paid,delivered,MUM-FC1,Delhivery,AWB7739807151,2026-06-30,2026-07-02,2026-07-01,,Lucknow,226001
OI-000460,ORD-2026-000277,CUST-0132,2026-06-29 11:50,APL-TOP-M-054,APL-TOP-M-054-XXL-GRE,XXL,Grey Melange,1,1499,1499,UPI,paid,delivered,BLR-FC1,Bluedart,AWB9288292299,2026-06-30,2026-07-02,2026-07-02,,Chandigarh,160017
OI-000461,ORD-2026-000278,CUST-0048,2026-06-13 08:42,APL-BTM-M-015,APL-BTM-M-015-L-BLA,L,Black,2,999,1998,COD,paid,delivered,DEL-FC1,Bluedart,AWB7739236190,2026-06-13,2026-06-19,2026-06-14,,Jaipur,302001
OI-000462,ORD-2026-000278,CUST-0048,2026-06-13 08:42,APL-TOP-F-068,APL-TOP-F-068-XL-IVO,XL,Ivory,2,1299,2598,COD,paid,delivered,DEL-FC1,Bluedart,AWB7739236190,2026-06-13,2026-06-19,2026-06-14,,Jaipur,302001
OI-000463,ORD-2026-000278,CUST-0048,2026-06-13 08:42,APL-TOP-M-001,APL-TOP-M-001-XS-NAV,XS,Navy,1,499,499,COD,paid,delivered,DEL-FC1,Bluedart,AWB7739236190,2026-06-13,2026-06-19,2026-06-14,,Jaipur,302001
OI-000464,ORD-2026-000279,CUST-0056,2026-06-02 16:13,APL-ACC-M-092,APL-ACC-M-092-FS-NAV,Free Size,Navy-White,1,699,699,Credit/Debit Card,paid,delivered,DEL-FC1,DTDC,AWB2185463156,2026-06-04,2026-06-10,2026-06-08,,Kolkata,700001
OI-000465,ORD-2026-000280,CUST-0024,2026-06-11 22:45,APL-TOP-M-056,APL-TOP-M-056-XXL-MID,XXL,Mid-Blue,1,2999,2999,COD,paid,delivered,MUM-FC1,Bluedart,AWB4095776304,2026-06-12,2026-06-15,2026-06-18,,Hyderabad,500001
OI-000466,ORD-2026-000281,CUST-0109,2026-07-11 08:28,APL-TOP-M-058,APL-TOP-M-058-L-BLA,L,Black,3,599,1797,Netbanking,paid,shipped,MUM-FC1,XpressBees,AWB7627217690,2026-07-11,2026-07-16,,,Jaipur,302001
OI-000467,ORD-2026-000282,CUST-0059,2026-06-27 17:27,APL-TOP-M-059,APL-TOP-M-059-XS-MAR,XS,Maroon,1,2299,2299,UPI,paid,delivered,DEL-FC1,Bluedart,AWB7462040198,2026-06-29,2026-07-01,2026-07-01,,Mumbai,400001
OI-000468,ORD-2026-000283,CUST-0152,2026-05-31 15:33,APL-TOP-M-057,APL-TOP-M-057-M-BLA,M,Black,1,2499,2499,UPI,paid,delivered,DEL-FC1,Delhivery,AWB5153206827,2026-06-02,2026-06-07,2026-06-06,,Delhi,110001
OI-000469,ORD-2026-000284,CUST-0177,2026-06-18 15:55,APL-ACC-F-100,APL-ACC-F-100-L-BLA,L,Black,1,499,499,UPI,paid,delivered,BLR-FC1,Ekart,AWB9384076227,2026-06-21,2026-06-26,2026-06-26,,Chandigarh,160017
OI-000470,ORD-2026-000285,CUST-0002,2026-07-06 13:43,APL-TOP-M-001,APL-TOP-M-001-M-NAV,M,Navy,1,499,499,COD,paid,delivered,DEL-FC1,Ekart,AWB6078423140,2026-07-06,2026-07-12,2026-07-07,,Lucknow,226001
OI-000471,ORD-2026-000286,CUST-0123,2026-07-01 16:57,APL-BTM-M-061,APL-BTM-M-061-M-STO,M,Stone,1,1799,1799,COD,not_charged,cancelled,MUM-FC1,,,,,,,Pune,411001
OI-000472,ORD-2026-000287,CUST-0156,2026-06-07 08:23,APL-TOP-F-069,APL-TOP-F-069-XXL-BLA,XXL,Black,1,999,999,Credit/Debit Card,refunded,returned,MUM-FC1,Delhivery,AWB8823060718,2026-06-08,2026-06-12,2026-06-10,Changed mind,Lucknow,226001
OI-000473,ORD-2026-000287,CUST-0156,2026-06-07 08:23,APL-TOP-M-004,APL-TOP-M-004-XS-CHA,XS,Charcoal,1,1999,1999,Credit/Debit Card,refunded,returned,MUM-FC1,Delhivery,AWB8823060718,2026-06-08,2026-06-12,2026-06-10,Size too large,Lucknow,226001
OI-000474,ORD-2026-000287,CUST-0156,2026-06-07 08:23,APL-TOP-F-021,APL-TOP-F-021-XXL-TEA,XXL,Teal,1,2299,2299,Credit/Debit Card,refunded,returned,MUM-FC1,Delhivery,AWB8823060718,2026-06-08,2026-06-12,2026-06-10,Size too large,Lucknow,226001
OI-000475,ORD-2026-000287,CUST-0156,2026-06-07 08:23,APL-TOP-M-052,APL-TOP-M-052-XL-RED,XL,Red-Black Check,1,1499,1499,Credit/Debit Card,refunded,returned,MUM-FC1,Delhivery,AWB8823060718,2026-06-08,2026-06-12,2026-06-10,Different from images,Lucknow,226001
OI-000476,ORD-2026-000288,CUST-0032,2026-06-15 22:06,APL-BTM-M-013,APL-BTM-M-013-XS-KHA,XS,Khaki,1,1299,1299,Wallet,paid,delivered,DEL-FC1,XpressBees,AWB6951790107,2026-06-15,2026-06-20,2026-06-16,,Mumbai,400001
OI-000477,ORD-2026-000288,CUST-0032,2026-06-15 22:06,APL-BTM-F-080,APL-BTM-F-080-S-COC,S,Cocoa,1,699,699,Wallet,paid,delivered,DEL-FC1,XpressBees,AWB6951790107,2026-06-15,2026-06-20,2026-06-16,,Mumbai,400001
OI-000478,ORD-2026-000289,CUST-0022,2026-07-18 08:01,APL-ACC-M-086,APL-ACC-M-086-FS-GUN,Free Size,Gunmetal,1,1199,1199,UPI,paid,confirmed,DEL-FC1,,,,,,,Ahmedabad,380001
OI-000479,ORD-2026-000290,CUST-0051,2026-05-27 14:20,APL-BTM-M-017,APL-BTM-M-017-L-SAG,L,Sage,1,999,999,UPI,paid,delivered,MUM-FC1,Bluedart,AWB8703869283,2026-05-27,2026-05-30,2026-06-02,,Bengaluru,560001
OI-000480,ORD-2026-000290,CUST-0051,2026-05-27 14:20,APL-BTM-F-081,APL-BTM-F-081-S-BLA,S,Black,1,1299,1299,UPI,paid,delivered,MUM-FC1,Bluedart,AWB8703869283,2026-05-27,2026-05-30,2026-06-02,,Bengaluru,560001
OI-000481,ORD-2026-000291,CUST-0009,2026-06-22 22:36,APL-ACC-M-085,APL-ACC-M-085-FS-TOR,Free Size,Tortoise-Gold,2,999,1998,COD,not_charged,cancelled,MUM-FC1,,,,,,,Bengaluru,560001
OI-000482,ORD-2026-000291,CUST-0009,2026-06-22 22:36,APL-ACC-M-041,APL-ACC-M-041-FS-OLI,Free Size,Olive,2,799,1598,COD,not_charged,cancelled,MUM-FC1,,,,,,,Bengaluru,560001
OI-000483,ORD-2026-000292,CUST-0144,2026-06-24 19:24,APL-BTM-M-066,APL-BTM-M-066-L-GRE,L,Grey Melange,2,599,1198,COD,paid,delivered,MUM-FC1,Delhivery,AWB7742586880,2026-06-26,2026-06-29,2026-07-02,,Chandigarh,160017
OI-000484,ORD-2026-000292,CUST-0144,2026-06-24 19:24,APL-BTM-F-083,APL-BTM-F-083-S-DEE,S,Deep Plum,2,1499,2998,COD,paid,delivered,MUM-FC1,Delhivery,AWB7742586880,2026-06-26,2026-06-29,2026-07-02,,Chandigarh,160017
OI-000485,ORD-2026-000293,CUST-0158,2026-06-05 11:17,APL-TOP-F-076,APL-TOP-F-076-S-BLA,S,Black,2,799,1598,COD,paid,delivered,DEL-FC1,DTDC,AWB7699506809,2026-06-07,2026-06-11,2026-06-12,,Kochi,682001
OI-000486,ORD-2026-000294,CUST-0126,2026-06-07 09:31,APL-ACC-M-035,APL-ACC-M-035-FS-GOL,Free Size,Gold-Green,1,999,999,UPI,paid,delivered,MUM-FC1,XpressBees,AWB5008746265,2026-06-08,2026-06-14,2026-06-09,,Mumbai,400001
OI-000487,ORD-2026-000294,CUST-0126,2026-06-07 09:31,APL-TOP-F-024,APL-TOP-F-024-S-GRE,S,Grey,2,1499,2998,UPI,paid,delivered,MUM-FC1,XpressBees,AWB5008746265,2026-06-08,2026-06-14,2026-06-09,,Mumbai,400001
OI-000488,ORD-2026-000295,CUST-0156,2026-06-26 19:51,APL-ACC-M-046,APL-ACC-M-046-L-BLA,L,Black,1,499,499,COD,paid,delivered,DEL-FC1,XpressBees,AWB9869273875,2026-06-29,2026-07-02,2026-07-02,,Mumbai,400001
OI-000489,ORD-2026-000296,CUST-0131,2026-05-22 14:49,APL-ACC-F-038,APL-ACC-F-038-FS-GUN,Free Size,Gunmetal,1,899,899,Credit/Debit Card,paid,delivered,MUM-FC1,Ekart,AWB5115871246,2026-05-24,2026-05-29,2026-05-25,,Ahmedabad,380001
OI-000490,ORD-2026-000296,CUST-0131,2026-05-22 14:49,APL-BTM-M-064,APL-BTM-M-064-S-COR,S,Coral,3,999,2997,Credit/Debit Card,paid,delivered,MUM-FC1,Ekart,AWB5115871246,2026-05-24,2026-05-29,2026-05-25,,Ahmedabad,380001
OI-000491,ORD-2026-000297,CUST-0139,2026-06-01 13:40,APL-TOP-M-059,APL-TOP-M-059-L-CHA,L,Charcoal,2,2299,4598,UPI,paid,delivered,DEL-FC1,XpressBees,AWB4794494884,2026-06-02,2026-06-04,2026-06-04,,Jaipur,302001
OI-000492,ORD-2026-000298,CUST-0021,2026-06-29 22:38,APL-TOP-M-056,APL-TOP-M-056-XL-WAS,XL,Washed Black,1,2999,2999,Credit/Debit Card,paid,delivered,MUM-FC1,Bluedart,AWB1705423492,2026-07-02,2026-07-06,2026-07-04,,Mumbai,400001
OI-000493,ORD-2026-000299,CUST-0016,2026-06-04 17:19,APL-TOP-F-069,APL-TOP-F-069-L-MOC,L,Mocha,1,999,999,COD,paid,delivered,MUM-FC1,XpressBees,AWB9219482733,2026-06-04,2026-06-09,2026-06-07,,Jaipur,302001
OI-000494,ORD-2026-000299,CUST-0016,2026-06-04 17:19,APL-TOP-M-058,APL-TOP-M-058-M-WHI,M,White,1,599,599,COD,paid,delivered,MUM-FC1,XpressBees,AWB9219482733,2026-06-04,2026-06-09,2026-06-07,,Jaipur,302001
OI-000495,ORD-2026-000300,CUST-0136,2026-06-02 10:33,APL-BTM-F-080,APL-BTM-F-080-L-BLA,L,Black,1,699,699,COD,paid,delivered,DEL-FC1,XpressBees,AWB7713976624,2026-06-03,2026-06-07,2026-06-04,,Delhi,110001
OI-000496,ORD-2026-000300,CUST-0136,2026-06-02 10:33,APL-BTM-F-033,APL-BTM-F-033-XXL-GRE,XXL,Grey Melange,2,1299,2598,COD,paid,delivered,DEL-FC1,XpressBees,AWB7713976624,2026-06-03,2026-06-07,2026-06-04,,Delhi,110001
